Arm64	AdvSimd	Abs	HW_Category_SIMD	HW_Flag_BaseTypeFromFirstArg
Arm64	AdvSimd	AbsSaturate	HW_Category_SIMD	HW_Flag_BaseTypeFromFirstArg
Arm64	AdvSimd	AbsScalar	HW_Category_SIMD	HW_Flag_SIMDScalar
Arm64	AdvSimd	AbsoluteCompareGreaterThan	HW_Category_SIMD	HW_Flag_NoFlag
Arm64	AdvSimd	AbsoluteCompareGreaterThanOrEqual	HW_Category_SIMD	HW_Flag_NoFlag
Arm64	AdvSimd	AbsoluteCompareLessThan	HW_Category_SIMD	HW_Flag_SpecialCodeGen
Arm64	AdvSimd	AbsoluteCompareLessThanOrEqual	HW_Category_SIMD	HW_Flag_SpecialCodeGen
Arm64	AdvSimd	AbsoluteDifference	HW_Category_SIMD	HW_Flag_BaseTypeFromFirstArg|HW_Flag_Commutative
Arm64	AdvSimd	AbsoluteDifferenceAdd	HW_Category_SIMD	HW_Flag_HasRMWSemantics
Arm64	AdvSimd	AbsoluteDifferenceWideningLower	HW_Category_SIMD	HW_Flag_BaseTypeFromFirstArg|HW_Flag_Commutative
Arm64	AdvSimd	AbsoluteDifferenceWideningLowerAndAdd	HW_Category_SIMD	HW_Flag_BaseTypeFromSecondArg|HW_Flag_HasRMWSemantics
Arm64	AdvSimd	AbsoluteDifferenceWideningUpper	HW_Category_SIMD	HW_Flag_BaseTypeFromFirstArg|HW_Flag_Commutative
Arm64	AdvSimd	AbsoluteDifferenceWideningUpperAndAdd	HW_Category_SIMD	HW_Flag_BaseTypeFromSecondArg|HW_Flag_HasRMWSemantics
Arm64	AdvSimd	Add	HW_Category_SIMD	HW_Flag_Commutative
Arm64	AdvSimd	AddHighNarrowingLower	HW_Category_SIMD	HW_Flag_Commutative
Arm64	AdvSimd	AddHighNarrowingUpper	HW_Category_SIMD	HW_Flag_HasRMWSemantics
Arm64	AdvSimd	AddPairwise	HW_Category_SIMD	HW_Flag_NoFlag
Arm64	AdvSimd	AddPairwiseWidening	HW_Category_SIMD	HW_Flag_BaseTypeFromFirstArg
Arm64	AdvSimd	AddPairwiseWideningAndAdd	HW_Category_SIMD	HW_Flag_BaseTypeFromSecondArg|HW_Flag_HasRMWSemantics
Arm64	AdvSimd	AddPairwiseWideningAndAddScalar	HW_Category_SIMD	HW_Flag_BaseTypeFromSecondArg|HW_Flag_HasRMWSemantics
Arm64	AdvSimd	AddPairwiseWideningScalar	HW_Category_SIMD	HW_Flag_BaseTypeFromFirstArg
Arm64	AdvSimd	AddRoundedHighNarrowingLower	HW_Category_SIMD	HW_Flag_Commutative
Arm64	AdvSimd	AddRoundedHighNarrowingUpper	HW_Category_SIMD	HW_Flag_HasRMWSemantics
Arm64	AdvSimd	AddSaturate	HW_Category_SIMD	HW_Flag_Commutative
Arm64	AdvSimd	AddSaturateScalar	HW_Category_SIMD	HW_Flag_Commutative|HW_Flag_SIMDScalar
Arm64	AdvSimd	AddScalar	HW_Category_SIMD	HW_Flag_Commutative|HW_Flag_SIMDScalar
Arm64	AdvSimd	AddWideningLower	HW_Category_SIMD	HW_Flag_BaseTypeFromSecondArg|HW_Flag_SpecialCodeGen
Arm64	AdvSimd	AddWideningUpper	HW_Category_SIMD	HW_Flag_BaseTypeFromSecondArg|HW_Flag_SpecialCodeGen
Arm64	AdvSimd	And	HW_Category_SIMD	HW_Flag_Commutative
Arm64	AdvSimd	BitwiseClear	HW_Category_SIMD	HW_Flag_SpecialImport
Arm64	AdvSimd	BitwiseSelect	HW_Category_SIMD	HW_Flag_SpecialCodeGen
Arm64	AdvSimd	Ceiling	HW_Category_SIMD	HW_Flag_NoFlag
Arm64	AdvSimd	CeilingScalar	HW_Category_SIMD	HW_Flag_SIMDScalar
Arm64	AdvSimd	CompareEqual	HW_Category_SIMD	HW_Flag_CanBenefitFromConstantProp|HW_Flag_Commutative|HW_Flag_SupportsContainment
Arm64	AdvSimd	CompareGreaterThan	HW_Category_SIMD	HW_Flag_CanBenefitFromConstantProp|HW_Flag_SupportsContainment
Arm64	AdvSimd	CompareGreaterThanOrEqual	HW_Category_SIMD	HW_Flag_CanBenefitFromConstantProp|HW_Flag_SupportsContainment
Arm64	AdvSimd	CompareLessThan	HW_Category_SIMD	HW_Flag_SpecialCodeGen
Arm64	AdvSimd	CompareLessThanOrEqual	HW_Category_SIMD	HW_Flag_SpecialCodeGen
Arm64	AdvSimd	CompareTest	HW_Category_SIMD	HW_Flag_Commutative
Arm64	AdvSimd	ConvertToInt32RoundAwayFromZero	HW_Category_SIMD	HW_Flag_BaseTypeFromFirstArg
Arm64	AdvSimd	ConvertToInt32RoundAwayFromZeroScalar	HW_Category_SIMD	HW_Flag_BaseTypeFromFirstArg|HW_Flag_SIMDScalar
Arm64	AdvSimd	ConvertToInt32RoundToEven	HW_Category_SIMD	HW_Flag_BaseTypeFromFirstArg
Arm64	AdvSimd	ConvertToInt32RoundToEvenScalar	HW_Category_SIMD	HW_Flag_BaseTypeFromFirstArg|HW_Flag_SIMDScalar
Arm64	AdvSimd	ConvertToInt32RoundToNegativeInfinity	HW_Category_SIMD	HW_Flag_BaseTypeFromFirstArg
Arm64	AdvSimd	ConvertToInt32RoundToNegativeInfinityScalar	HW_Category_SIMD	HW_Flag_BaseTypeFromFirstArg|HW_Flag_SIMDScalar
Arm64	AdvSimd	ConvertToInt32RoundToPositiveInfinity	HW_Category_SIMD	HW_Flag_BaseTypeFromFirstArg
Arm64	AdvSimd	ConvertToInt32RoundToPositiveInfinityScalar	HW_Category_SIMD	HW_Flag_BaseTypeFromFirstArg|HW_Flag_SIMDScalar
Arm64	AdvSimd	ConvertToInt32RoundToZero	HW_Category_SIMD	HW_Flag_BaseTypeFromFirstArg
Arm64	AdvSimd	ConvertToInt32RoundToZeroScalar	HW_Category_SIMD	HW_Flag_BaseTypeFromFirstArg|HW_Flag_SIMDScalar
Arm64	AdvSimd	ConvertToSingle	HW_Category_SIMD	HW_Flag_BaseTypeFromFirstArg
Arm64	AdvSimd	ConvertToSingleScalar	HW_Category_SIMD	HW_Flag_BaseTypeFromFirstArg|HW_Flag_SIMDScalar
Arm64	AdvSimd	ConvertToUInt32RoundAwayFromZero	HW_Category_SIMD	HW_Flag_BaseTypeFromFirstArg
Arm64	AdvSimd	ConvertToUInt32RoundAwayFromZeroScalar	HW_Category_SIMD	HW_Flag_BaseTypeFromFirstArg|HW_Flag_SIMDScalar
Arm64	AdvSimd	ConvertToUInt32RoundToEven	HW_Category_SIMD	HW_Flag_BaseTypeFromFirstArg
Arm64	AdvSimd	ConvertToUInt32RoundToEvenScalar	HW_Category_SIMD	HW_Flag_BaseTypeFromFirstArg|HW_Flag_SIMDScalar
Arm64	AdvSimd	ConvertToUInt32RoundToNegativeInfinity	HW_Category_SIMD	HW_Flag_BaseTypeFromFirstArg
Arm64	AdvSimd	ConvertToUInt32RoundToNegativeInfinityScalar	HW_Category_SIMD	HW_Flag_BaseTypeFromFirstArg|HW_Flag_SIMDScalar
Arm64	AdvSimd	ConvertToUInt32RoundToPositiveInfinity	HW_Category_SIMD	HW_Flag_BaseTypeFromFirstArg
Arm64	AdvSimd	ConvertToUInt32RoundToPositiveInfinityScalar	HW_Category_SIMD	HW_Flag_BaseTypeFromFirstArg|HW_Flag_SIMDScalar
Arm64	AdvSimd	ConvertToUInt32RoundToZero	HW_Category_SIMD	HW_Flag_BaseTypeFromFirstArg
Arm64	AdvSimd	ConvertToUInt32RoundToZeroScalar	HW_Category_SIMD	HW_Flag_BaseTypeFromFirstArg|HW_Flag_SIMDScalar
Arm64	AdvSimd	DivideScalar	HW_Category_SIMD	HW_Flag_SIMDScalar
Arm64	AdvSimd	DuplicateSelectedScalarToVector128	HW_Category_SIMD	HW_Flag_BaseTypeFromFirstArg|HW_Flag_HasImmediateOperand|HW_Flag_SpecialCodeGen
Arm64	AdvSimd	DuplicateSelectedScalarToVector64	HW_Category_SIMD	HW_Flag_BaseTypeFromFirstArg|HW_Flag_HasImmediateOperand|HW_Flag_SpecialCodeGen
Arm64	AdvSimd	DuplicateToVector128	HW_Category_SIMD	HW_Flag_SpecialCodeGen|HW_Flag_SupportsContainment
Arm64	AdvSimd	DuplicateToVector64	HW_Category_SIMD	HW_Flag_SpecialCodeGen|HW_Flag_SupportsContainment
Arm64	AdvSimd	Extract	HW_Category_SIMD	HW_Flag_BaseTypeFromFirstArg|HW_Flag_HasImmediateOperand|HW_Flag_SpecialCodeGen
Arm64	AdvSimd	ExtractNarrowingLower	HW_Category_SIMD	HW_Flag_NoFlag
Arm64	AdvSimd	ExtractNarrowingSaturateLower	HW_Category_SIMD	HW_Flag_NoFlag
Arm64	AdvSimd	ExtractNarrowingSaturateUnsignedLower	HW_Category_SIMD	HW_Flag_NoFlag
Arm64	AdvSimd	ExtractNarrowingSaturateUnsignedUpper	HW_Category_SIMD	HW_Flag_HasRMWSemantics
Arm64	AdvSimd	ExtractNarrowingSaturateUpper	HW_Category_SIMD	HW_Flag_HasRMWSemantics
Arm64	AdvSimd	ExtractNarrowingUpper	HW_Category_SIMD	HW_Flag_HasRMWSemantics
Arm64	AdvSimd	ExtractVector128	HW_Category_SIMD	HW_Flag_HasImmediateOperand|HW_Flag_SpecialCodeGen
Arm64	AdvSimd	ExtractVector64	HW_Category_SIMD	HW_Flag_HasImmediateOperand|HW_Flag_SpecialCodeGen
Arm64	AdvSimd	Floor	HW_Category_SIMD	HW_Flag_NoFlag
Arm64	AdvSimd	FloorScalar	HW_Category_SIMD	HW_Flag_SIMDScalar
Arm64	AdvSimd	FusedAddHalving	HW_Category_SIMD	HW_Flag_Commutative
Arm64	AdvSimd	FusedAddRoundedHalving	HW_Category_SIMD	HW_Flag_Commutative
Arm64	AdvSimd	FusedMultiplyAdd	HW_Category_SIMD	HW_Flag_HasRMWSemantics
Arm64	AdvSimd	FusedMultiplyAddNegatedScalar	HW_Category_SIMD	HW_Flag_SIMDScalar|HW_Flag_SpecialCodeGen
Arm64	AdvSimd	FusedMultiplyAddScalar	HW_Category_SIMD	HW_Flag_SIMDScalar|HW_Flag_SpecialCodeGen
Arm64	AdvSimd	FusedMultiplySubtract	HW_Category_SIMD	HW_Flag_HasRMWSemantics
Arm64	AdvSimd	FusedMultiplySubtractNegatedScalar	HW_Category_SIMD	HW_Flag_SIMDScalar|HW_Flag_SpecialCodeGen
Arm64	AdvSimd	FusedMultiplySubtractScalar	HW_Category_SIMD	HW_Flag_SIMDScalar|HW_Flag_SpecialCodeGen
Arm64	AdvSimd	FusedSubtractHalving	HW_Category_SIMD	HW_Flag_NoFlag
Arm64	AdvSimd	Insert	HW_Category_SIMD	HW_Flag_HasImmediateOperand|HW_Flag_HasRMWSemantics|HW_Flag_SIMDScalar|HW_Flag_SpecialCodeGen|HW_Flag_SupportsContainment
Arm64	AdvSimd	InsertScalar	HW_Category_SIMD	HW_Flag_HasImmediateOperand|HW_Flag_HasRMWSemantics|HW_Flag_SIMDScalar|HW_Flag_SpecialCodeGen
Arm64	AdvSimd	LeadingSignCount	HW_Category_SIMD	HW_Flag_NoFlag
Arm64	AdvSimd	LeadingZeroCount	HW_Category_SIMD	HW_Flag_NoFlag
Arm64	AdvSimd	Load2xVector64	HW_Category_MemoryLoad	HW_Flag_BaseTypeFromFirstArg|HW_Flag_MultiReg|HW_Flag_NeedsConsecutiveRegisters|HW_Flag_SpecialImport
Arm64	AdvSimd	Load2xVector64AndUnzip	HW_Category_MemoryLoad	HW_Flag_BaseTypeFromFirstArg|HW_Flag_MultiReg|HW_Flag_NeedsConsecutiveRegisters|HW_Flag_SpecialImport
Arm64	AdvSimd	Load3xVector64	HW_Category_MemoryLoad	HW_Flag_BaseTypeFromFirstArg|HW_Flag_MultiReg|HW_Flag_NeedsConsecutiveRegisters|HW_Flag_SpecialImport
Arm64	AdvSimd	Load3xVector64AndUnzip	HW_Category_MemoryLoad	HW_Flag_BaseTypeFromFirstArg|HW_Flag_MultiReg|HW_Flag_NeedsConsecutiveRegisters|HW_Flag_SpecialImport
Arm64	AdvSimd	Load4xVector64	HW_Category_MemoryLoad	HW_Flag_BaseTypeFromFirstArg|HW_Flag_MultiReg|HW_Flag_NeedsConsecutiveRegisters|HW_Flag_SpecialImport
Arm64	AdvSimd	Load4xVector64AndUnzip	HW_Category_MemoryLoad	HW_Flag_BaseTypeFromFirstArg|HW_Flag_MultiReg|HW_Flag_NeedsConsecutiveRegisters|HW_Flag_SpecialImport
Arm64	AdvSimd	LoadAndInsertScalar	HW_Category_MemoryLoad	HW_Flag_HasImmediateOperand|HW_Flag_HasRMWSemantics|HW_Flag_SIMDScalar|HW_Flag_SpecialCodeGen
Arm64	AdvSimd	LoadAndInsertScalarVector64x2	HW_Category_MemoryLoad	HW_Flag_HasImmediateOperand|HW_Flag_HasRMWSemantics|HW_Flag_MultiReg|HW_Flag_NeedsConsecutiveRegisters|HW_Flag_SIMDScalar|HW_Flag_SpecialCodeGen|HW_Flag_SpecialImport
Arm64	AdvSimd	LoadAndInsertScalarVector64x3	HW_Category_MemoryLoad	HW_Flag_HasImmediateOperand|HW_Flag_HasRMWSemantics|HW_Flag_MultiReg|HW_Flag_NeedsConsecutiveRegisters|HW_Flag_SIMDScalar|HW_Flag_SpecialCodeGen|HW_Flag_SpecialImport
Arm64	AdvSimd	LoadAndInsertScalarVector64x4	HW_Category_MemoryLoad	HW_Flag_HasImmediateOperand|HW_Flag_HasRMWSemantics|HW_Flag_MultiReg|HW_Flag_NeedsConsecutiveRegisters|HW_Flag_SIMDScalar|HW_Flag_SpecialCodeGen|HW_Flag_SpecialImport
Arm64	AdvSimd	LoadAndReplicateToVector128	HW_Category_MemoryLoad	HW_Flag_NoFlag
Arm64	AdvSimd	LoadAndReplicateToVector64	HW_Category_MemoryLoad	HW_Flag_NoFlag
Arm64	AdvSimd	LoadAndReplicateToVector64x2	HW_Category_MemoryLoad	HW_Flag_BaseTypeFromFirstArg|HW_Flag_MultiReg|HW_Flag_NeedsConsecutiveRegisters|HW_Flag_SpecialImport
Arm64	AdvSimd	LoadAndReplicateToVector64x3	HW_Category_MemoryLoad	HW_Flag_BaseTypeFromFirstArg|HW_Flag_MultiReg|HW_Flag_NeedsConsecutiveRegisters|HW_Flag_SpecialImport
Arm64	AdvSimd	LoadAndReplicateToVector64x4	HW_Category_MemoryLoad	HW_Flag_BaseTypeFromFirstArg|HW_Flag_MultiReg|HW_Flag_NeedsConsecutiveRegisters|HW_Flag_SpecialImport
Arm64	AdvSimd	LoadVector128	HW_Category_Helper	HW_Flag_InvalidNodeId
Arm64	AdvSimd	LoadVector64	HW_Category_Helper	HW_Flag_InvalidNodeId
Arm64	AdvSimd	Max	HW_Category_SIMD	HW_Flag_Commutative
Arm64	AdvSimd	MaxNumber	HW_Category_SIMD	HW_Flag_Commutative
Arm64	AdvSimd	MaxNumberScalar	HW_Category_SIMD	HW_Flag_Commutative|HW_Flag_SIMDScalar
Arm64	AdvSimd	MaxPairwise	HW_Category_SIMD	HW_Flag_NoFlag
Arm64	AdvSimd	Min	HW_Category_SIMD	HW_Flag_Commutative
Arm64	AdvSimd	MinNumber	HW_Category_SIMD	HW_Flag_Commutative
Arm64	AdvSimd	MinNumberScalar	HW_Category_SIMD	HW_Flag_Commutative|HW_Flag_SIMDScalar
Arm64	AdvSimd	MinPairwise	HW_Category_SIMD	HW_Flag_NoFlag
Arm64	AdvSimd	Multiply	HW_Category_SIMD	HW_Flag_Commutative
Arm64	AdvSimd	MultiplyAdd	HW_Category_SIMD	HW_Flag_HasRMWSemantics
Arm64	AdvSimd	MultiplyAddByScalar	HW_Category_SIMDByIndexedElement	HW_Flag_HasRMWSemantics
Arm64	AdvSimd	MultiplyAddBySelectedScalar	HW_Category_SIMDByIndexedElement	HW_Flag_HasImmediateOperand|HW_Flag_HasRMWSemantics
Arm64	AdvSimd	MultiplyByScalar	HW_Category_SIMDByIndexedElement	HW_Flag_NoFlag
Arm64	AdvSimd	MultiplyBySelectedScalar	HW_Category_SIMDByIndexedElement	HW_Flag_HasImmediateOperand
Arm64	AdvSimd	MultiplyBySelectedScalarWideningLower	HW_Category_SIMDByIndexedElement	HW_Flag_BaseTypeFromFirstArg|HW_Flag_HasImmediateOperand
Arm64	AdvSimd	MultiplyBySelectedScalarWideningLowerAndAdd	HW_Category_SIMDByIndexedElement	HW_Flag_BaseTypeFromSecondArg|HW_Flag_HasImmediateOperand|HW_Flag_HasRMWSemantics
Arm64	AdvSimd	MultiplyBySelectedScalarWideningLowerAndSubtract	HW_Category_SIMDByIndexedElement	HW_Flag_BaseTypeFromSecondArg|HW_Flag_HasImmediateOperand|HW_Flag_HasRMWSemantics
Arm64	AdvSimd	MultiplyBySelectedScalarWideningUpper	HW_Category_SIMDByIndexedElement	HW_Flag_BaseTypeFromFirstArg|HW_Flag_HasImmediateOperand
Arm64	AdvSimd	MultiplyBySelectedScalarWideningUpperAndAdd	HW_Category_SIMDByIndexedElement	HW_Flag_BaseTypeFromSecondArg|HW_Flag_HasImmediateOperand|HW_Flag_HasRMWSemantics
Arm64	AdvSimd	MultiplyBySelectedScalarWideningUpperAndSubtract	HW_Category_SIMDByIndexedElement	HW_Flag_BaseTypeFromSecondArg|HW_Flag_HasImmediateOperand|HW_Flag_HasRMWSemantics
Arm64	AdvSimd	MultiplyDoublingByScalarSaturateHigh	HW_Category_SIMDByIndexedElement	HW_Flag_NoFlag
Arm64	AdvSimd	MultiplyDoublingBySelectedScalarSaturateHigh	HW_Category_SIMDByIndexedElement	HW_Flag_HasImmediateOperand
Arm64	AdvSimd	MultiplyDoublingSaturateHigh	HW_Category_SIMD	HW_Flag_Commutative
Arm64	AdvSimd	MultiplyDoublingWideningLowerAndAddSaturate	HW_Category_SIMD	HW_Flag_BaseTypeFromSecondArg|HW_Flag_HasRMWSemantics
Arm64	AdvSimd	MultiplyDoublingWideningLowerAndSubtractSaturate	HW_Category_SIMD	HW_Flag_BaseTypeFromSecondArg|HW_Flag_HasRMWSemantics
Arm64	AdvSimd	MultiplyDoublingWideningLowerByScalarAndAddSaturate	HW_Category_SIMDByIndexedElement	HW_Flag_BaseTypeFromSecondArg|HW_Flag_HasRMWSemantics
Arm64	AdvSimd	MultiplyDoublingWideningLowerByScalarAndSubtractSaturate	HW_Category_SIMDByIndexedElement	HW_Flag_BaseTypeFromSecondArg|HW_Flag_HasRMWSemantics
Arm64	AdvSimd	MultiplyDoublingWideningLowerBySelectedScalarAndAddSaturate	HW_Category_SIMDByIndexedElement	HW_Flag_BaseTypeFromSecondArg|HW_Flag_HasImmediateOperand|HW_Flag_HasRMWSemantics
Arm64	AdvSimd	MultiplyDoublingWideningLowerBySelectedScalarAndSubtractSaturate	HW_Category_SIMDByIndexedElement	HW_Flag_BaseTypeFromSecondArg|HW_Flag_HasImmediateOperand|HW_Flag_HasRMWSemantics
Arm64	AdvSimd	MultiplyDoublingWideningSaturateLower	HW_Category_SIMD	HW_Flag_BaseTypeFromFirstArg|HW_Flag_Commutative
Arm64	AdvSimd	MultiplyDoublingWideningSaturateLowerByScalar	HW_Category_SIMDByIndexedElement	HW_Flag_BaseTypeFromFirstArg
Arm64	AdvSimd	MultiplyDoublingWideningSaturateLowerBySelectedScalar	HW_Category_SIMDByIndexedElement	HW_Flag_BaseTypeFromFirstArg|HW_Flag_HasImmediateOperand
Arm64	AdvSimd	MultiplyDoublingWideningSaturateUpper	HW_Category_SIMD	HW_Flag_BaseTypeFromFirstArg|HW_Flag_Commutative
Arm64	AdvSimd	MultiplyDoublingWideningSaturateUpperByScalar	HW_Category_SIMDByIndexedElement	HW_Flag_BaseTypeFromFirstArg
Arm64	AdvSimd	MultiplyDoublingWideningSaturateUpperBySelectedScalar	HW_Category_SIMDByIndexedElement	HW_Flag_BaseTypeFromFirstArg|HW_Flag_HasImmediateOperand
Arm64	AdvSimd	MultiplyDoublingWideningUpperAndAddSaturate	HW_Category_SIMD	HW_Flag_BaseTypeFromSecondArg|HW_Flag_HasRMWSemantics
Arm64	AdvSimd	MultiplyDoublingWideningUpperAndSubtractSaturate	HW_Category_SIMD	HW_Flag_BaseTypeFromSecondArg|HW_Flag_HasRMWSemantics
Arm64	AdvSimd	MultiplyDoublingWideningUpperByScalarAndAddSaturate	HW_Category_SIMDByIndexedElement	HW_Flag_BaseTypeFromSecondArg|HW_Flag_HasRMWSemantics
Arm64	AdvSimd	MultiplyDoublingWideningUpperByScalarAndSubtractSaturate	HW_Category_SIMDByIndexedElement	HW_Flag_BaseTypeFromSecondArg|HW_Flag_HasRMWSemantics
Arm64	AdvSimd	MultiplyDoublingWideningUpperBySelectedScalarAndAddSaturate	HW_Category_SIMDByIndexedElement	HW_Flag_BaseTypeFromSecondArg|HW_Flag_HasImmediateOperand|HW_Flag_HasRMWSemantics
Arm64	AdvSimd	MultiplyDoublingWideningUpperBySelectedScalarAndSubtractSaturate	HW_Category_SIMDByIndexedElement	HW_Flag_BaseTypeFromSecondArg|HW_Flag_HasImmediateOperand|HW_Flag_HasRMWSemantics
Arm64	AdvSimd	MultiplyRoundedDoublingByScalarSaturateHigh	HW_Category_SIMDByIndexedElement	HW_Flag_NoFlag
Arm64	AdvSimd	MultiplyRoundedDoublingBySelectedScalarSaturateHigh	HW_Category_SIMDByIndexedElement	HW_Flag_HasImmediateOperand
Arm64	AdvSimd	MultiplyRoundedDoublingSaturateHigh	HW_Category_SIMD	HW_Flag_Commutative
Arm64	AdvSimd	MultiplyScalar	HW_Category_SIMD	HW_Flag_Commutative|HW_Flag_SIMDScalar
Arm64	AdvSimd	MultiplyScalarBySelectedScalar	HW_Category_SIMDByIndexedElement	HW_Flag_HasImmediateOperand|HW_Flag_SIMDScalar
Arm64	AdvSimd	MultiplySubtract	HW_Category_SIMD	HW_Flag_HasRMWSemantics
Arm64	AdvSimd	MultiplySubtractByScalar	HW_Category_SIMDByIndexedElement	HW_Flag_HasRMWSemantics
Arm64	AdvSimd	MultiplySubtractBySelectedScalar	HW_Category_SIMDByIndexedElement	HW_Flag_HasImmediateOperand|HW_Flag_HasRMWSemantics
Arm64	AdvSimd	MultiplyWideningLower	HW_Category_SIMD	HW_Flag_BaseTypeFromFirstArg|HW_Flag_Commutative
Arm64	AdvSimd	MultiplyWideningLowerAndAdd	HW_Category_SIMD	HW_Flag_BaseTypeFromSecondArg|HW_Flag_HasRMWSemantics
Arm64	AdvSimd	MultiplyWideningLowerAndSubtract	HW_Category_SIMD	HW_Flag_BaseTypeFromSecondArg|HW_Flag_HasRMWSemantics
Arm64	AdvSimd	MultiplyWideningUpper	HW_Category_SIMD	HW_Flag_BaseTypeFromFirstArg|HW_Flag_Commutative
Arm64	AdvSimd	MultiplyWideningUpperAndAdd	HW_Category_SIMD	HW_Flag_BaseTypeFromSecondArg|HW_Flag_HasRMWSemantics
Arm64	AdvSimd	MultiplyWideningUpperAndSubtract	HW_Category_SIMD	HW_Flag_BaseTypeFromSecondArg|HW_Flag_HasRMWSemantics
Arm64	AdvSimd	Negate	HW_Category_SIMD	HW_Flag_NoFlag
Arm64	AdvSimd	NegateSaturate	HW_Category_SIMD	HW_Flag_NoFlag
Arm64	AdvSimd	NegateScalar	HW_Category_SIMD	HW_Flag_SIMDScalar
Arm64	AdvSimd	Not	HW_Category_SIMD	HW_Flag_NoFlag
Arm64	AdvSimd	Or	HW_Category_SIMD	HW_Flag_Commutative
Arm64	AdvSimd	OrNot	HW_Category_SIMD	HW_Flag_SpecialImport
Arm64	AdvSimd	PolynomialMultiply	HW_Category_SIMD	HW_Flag_Commutative
Arm64	AdvSimd	PolynomialMultiplyWideningLower	HW_Category_SIMD	HW_Flag_BaseTypeFromFirstArg|HW_Flag_Commutative
Arm64	AdvSimd	PolynomialMultiplyWideningUpper	HW_Category_SIMD	HW_Flag_BaseTypeFromFirstArg|HW_Flag_Commutative
Arm64	AdvSimd	PopCount	HW_Category_SIMD	HW_Flag_NoFlag
Arm64	AdvSimd	ReciprocalEstimate	HW_Category_SIMD	HW_Flag_NoFlag
Arm64	AdvSimd	ReciprocalSquareRootEstimate	HW_Category_SIMD	HW_Flag_NoFlag
Arm64	AdvSimd	ReciprocalSquareRootStep	HW_Category_SIMD	HW_Flag_Commutative
Arm64	AdvSimd	ReciprocalStep	HW_Category_SIMD	HW_Flag_Commutative
Arm64	AdvSimd	ReverseElement16	HW_Category_SIMD	HW_Flag_SpecialCodeGen
Arm64	AdvSimd	ReverseElement32	HW_Category_SIMD	HW_Flag_SpecialCodeGen
Arm64	AdvSimd	ReverseElement8	HW_Category_SIMD	HW_Flag_SpecialCodeGen
Arm64	AdvSimd	RoundAwayFromZero	HW_Category_SIMD	HW_Flag_NoFlag
Arm64	AdvSimd	RoundAwayFromZeroScalar	HW_Category_SIMD	HW_Flag_SIMDScalar
Arm64	AdvSimd	RoundToNearest	HW_Category_SIMD	HW_Flag_NoFlag
Arm64	AdvSimd	RoundToNearestScalar	HW_Category_SIMD	HW_Flag_SIMDScalar
Arm64	AdvSimd	RoundToNegativeInfinity	HW_Category_SIMD	HW_Flag_NoFlag
Arm64	AdvSimd	RoundToNegativeInfinityScalar	HW_Category_SIMD	HW_Flag_SIMDScalar
Arm64	AdvSimd	RoundToPositiveInfinity	HW_Category_SIMD	HW_Flag_NoFlag
Arm64	AdvSimd	RoundToPositiveInfinityScalar	HW_Category_SIMD	HW_Flag_SIMDScalar
Arm64	AdvSimd	RoundToZero	HW_Category_SIMD	HW_Flag_NoFlag
Arm64	AdvSimd	RoundToZeroScalar	HW_Category_SIMD	HW_Flag_SIMDScalar
Arm64	AdvSimd	ShiftArithmetic	HW_Category_SIMD	HW_Flag_NoFlag
Arm64	AdvSimd	ShiftArithmeticRounded	HW_Category_SIMD	HW_Flag_NoFlag
Arm64	AdvSimd	ShiftArithmeticRoundedSaturate	HW_Category_SIMD	HW_Flag_NoFlag
Arm64	AdvSimd	ShiftArithmeticRoundedSaturateScalar	HW_Category_SIMD	HW_Flag_SIMDScalar
Arm64	AdvSimd	ShiftArithmeticRoundedScalar	HW_Category_SIMD	HW_Flag_SIMDScalar
Arm64	AdvSimd	ShiftArithmeticSaturate	HW_Category_SIMD	HW_Flag_NoFlag
Arm64	AdvSimd	ShiftArithmeticSaturateScalar	HW_Category_SIMD	HW_Flag_SIMDScalar
Arm64	AdvSimd	ShiftArithmeticScalar	HW_Category_SIMD	HW_Flag_SIMDScalar
Arm64	AdvSimd	ShiftLeftAndInsert	HW_Category_ShiftLeftByImmediate	HW_Flag_HasImmediateOperand|HW_Flag_HasRMWSemantics
Arm64	AdvSimd	ShiftLeftAndInsertScalar	HW_Category_ShiftLeftByImmediate	HW_Flag_HasImmediateOperand|HW_Flag_HasRMWSemantics|HW_Flag_SIMDScalar
Arm64	AdvSimd	ShiftLeftLogical	HW_Category_ShiftLeftByImmediate	HW_Flag_HasImmediateOperand|HW_Flag_NoJmpTableIMM
Arm64	AdvSimd	ShiftLeftLogicalSaturate	HW_Category_ShiftLeftByImmediate	HW_Flag_HasImmediateOperand
Arm64	AdvSimd	ShiftLeftLogicalSaturateScalar	HW_Category_ShiftLeftByImmediate	HW_Flag_HasImmediateOperand|HW_Flag_SIMDScalar
Arm64	AdvSimd	ShiftLeftLogicalSaturateUnsigned	HW_Category_ShiftLeftByImmediate	HW_Flag_BaseTypeFromFirstArg|HW_Flag_HasImmediateOperand
Arm64	AdvSimd	ShiftLeftLogicalSaturateUnsignedScalar	HW_Category_ShiftLeftByImmediate	HW_Flag_BaseTypeFromFirstArg|HW_Flag_HasImmediateOperand|HW_Flag_SIMDScalar
Arm64	AdvSimd	ShiftLeftLogicalScalar	HW_Category_ShiftLeftByImmediate	HW_Flag_HasImmediateOperand|HW_Flag_NoJmpTableIMM|HW_Flag_SIMDScalar
Arm64	AdvSimd	ShiftLeftLogicalWideningLower	HW_Category_ShiftLeftByImmediate	HW_Flag_BaseTypeFromFirstArg|HW_Flag_HasImmediateOperand
Arm64	AdvSimd	ShiftLeftLogicalWideningUpper	HW_Category_ShiftLeftByImmediate	HW_Flag_BaseTypeFromFirstArg|HW_Flag_HasImmediateOperand
Arm64	AdvSimd	ShiftLogical	HW_Category_SIMD	HW_Flag_NoFlag
Arm64	AdvSimd	ShiftLogicalRounded	HW_Category_SIMD	HW_Flag_NoFlag
Arm64	AdvSimd	ShiftLogicalRoundedSaturate	HW_Category_SIMD	HW_Flag_NoFlag
Arm64	AdvSimd	ShiftLogicalRoundedSaturateScalar	HW_Category_SIMD	HW_Flag_SIMDScalar
Arm64	AdvSimd	ShiftLogicalRoundedScalar	HW_Category_SIMD	HW_Flag_SIMDScalar
Arm64	AdvSimd	ShiftLogicalSaturate	HW_Category_SIMD	HW_Flag_NoFlag
Arm64	AdvSimd	ShiftLogicalSaturateScalar	HW_Category_SIMD	HW_Flag_SIMDScalar
Arm64	AdvSimd	ShiftLogicalScalar	HW_Category_SIMD	HW_Flag_SIMDScalar
Arm64	AdvSimd	ShiftRightAndInsert	HW_Category_ShiftRightByImmediate	HW_Flag_HasImmediateOperand|HW_Flag_HasRMWSemantics
Arm64	AdvSimd	ShiftRightAndInsertScalar	HW_Category_ShiftRightByImmediate	HW_Flag_HasImmediateOperand|HW_Flag_HasRMWSemantics|HW_Flag_SIMDScalar
Arm64	AdvSimd	ShiftRightArithmetic	HW_Category_ShiftRightByImmediate	HW_Flag_HasImmediateOperand|HW_Flag_NoJmpTableIMM
Arm64	AdvSimd	ShiftRightArithmeticAdd	HW_Category_ShiftRightByImmediate	HW_Flag_HasImmediateOperand|HW_Flag_HasRMWSemantics
Arm64	AdvSimd	ShiftRightArithmeticAddScalar	HW_Category_ShiftRightByImmediate	HW_Flag_HasImmediateOperand|HW_Flag_HasRMWSemantics|HW_Flag_SIMDScalar
Arm64	AdvSimd	ShiftRightArithmeticNarrowingSaturateLower	HW_Category_ShiftRightByImmediate	HW_Flag_HasImmediateOperand
Arm64	AdvSimd	ShiftRightArithmeticNarrowingSaturateUnsignedLower	HW_Category_ShiftRightByImmediate	HW_Flag_HasImmediateOperand
Arm64	AdvSimd	ShiftRightArithmeticNarrowingSaturateUnsignedUpper	HW_Category_ShiftRightByImmediate	HW_Flag_HasImmediateOperand|HW_Flag_HasRMWSemantics
Arm64	AdvSimd	ShiftRightArithmeticNarrowingSaturateUpper	HW_Category_ShiftRightByImmediate	HW_Flag_HasImmediateOperand|HW_Flag_HasRMWSemantics
Arm64	AdvSimd	ShiftRightArithmeticRounded	HW_Category_ShiftRightByImmediate	HW_Flag_HasImmediateOperand
Arm64	AdvSimd	ShiftRightArithmeticRoundedAdd	HW_Category_ShiftRightByImmediate	HW_Flag_HasImmediateOperand|HW_Flag_HasRMWSemantics
Arm64	AdvSimd	ShiftRightArithmeticRoundedAddScalar	HW_Category_ShiftRightByImmediate	HW_Flag_HasImmediateOperand|HW_Flag_HasRMWSemantics|HW_Flag_SIMDScalar
Arm64	AdvSimd	ShiftRightArithmeticRoundedNarrowingSaturateLower	HW_Category_ShiftRightByImmediate	HW_Flag_HasImmediateOperand
Arm64	AdvSimd	ShiftRightArithmeticRoundedNarrowingSaturateUnsignedLower	HW_Category_ShiftRightByImmediate	HW_Flag_HasImmediateOperand
Arm64	AdvSimd	ShiftRightArithmeticRoundedNarrowingSaturateUnsignedUpper	HW_Category_ShiftRightByImmediate	HW_Flag_HasImmediateOperand|HW_Flag_HasRMWSemantics
Arm64	AdvSimd	ShiftRightArithmeticRoundedNarrowingSaturateUpper	HW_Category_ShiftRightByImmediate	HW_Flag_HasImmediateOperand|HW_Flag_HasRMWSemantics
Arm64	AdvSimd	ShiftRightArithmeticRoundedScalar	HW_Category_ShiftRightByImmediate	HW_Flag_HasImmediateOperand|HW_Flag_SIMDScalar
Arm64	AdvSimd	ShiftRightArithmeticScalar	HW_Category_ShiftRightByImmediate	HW_Flag_HasImmediateOperand|HW_Flag_NoJmpTableIMM|HW_Flag_SIMDScalar
Arm64	AdvSimd	ShiftRightLogical	HW_Category_ShiftRightByImmediate	HW_Flag_HasImmediateOperand|HW_Flag_NoJmpTableIMM
Arm64	AdvSimd	ShiftRightLogicalAdd	HW_Category_ShiftRightByImmediate	HW_Flag_HasImmediateOperand|HW_Flag_HasRMWSemantics
Arm64	AdvSimd	ShiftRightLogicalAddScalar	HW_Category_ShiftRightByImmediate	HW_Flag_HasImmediateOperand|HW_Flag_HasRMWSemantics|HW_Flag_SIMDScalar
Arm64	AdvSimd	ShiftRightLogicalNarrowingLower	HW_Category_ShiftRightByImmediate	HW_Flag_HasImmediateOperand
Arm64	AdvSimd	ShiftRightLogicalNarrowingSaturateLower	HW_Category_ShiftRightByImmediate	HW_Flag_HasImmediateOperand
Arm64	AdvSimd	ShiftRightLogicalNarrowingSaturateUpper	HW_Category_ShiftRightByImmediate	HW_Flag_HasImmediateOperand|HW_Flag_HasRMWSemantics
Arm64	AdvSimd	ShiftRightLogicalNarrowingUpper	HW_Category_ShiftRightByImmediate	HW_Flag_HasImmediateOperand|HW_Flag_HasRMWSemantics
Arm64	AdvSimd	ShiftRightLogicalRounded	HW_Category_ShiftRightByImmediate	HW_Flag_HasImmediateOperand
Arm64	AdvSimd	ShiftRightLogicalRoundedAdd	HW_Category_ShiftRightByImmediate	HW_Flag_HasImmediateOperand|HW_Flag_HasRMWSemantics
Arm64	AdvSimd	ShiftRightLogicalRoundedAddScalar	HW_Category_ShiftRightByImmediate	HW_Flag_HasImmediateOperand|HW_Flag_HasRMWSemantics|HW_Flag_SIMDScalar
Arm64	AdvSimd	ShiftRightLogicalRoundedNarrowingLower	HW_Category_ShiftRightByImmediate	HW_Flag_HasImmediateOperand
Arm64	AdvSimd	ShiftRightLogicalRoundedNarrowingSaturateLower	HW_Category_ShiftRightByImmediate	HW_Flag_HasImmediateOperand
Arm64	AdvSimd	ShiftRightLogicalRoundedNarrowingSaturateUpper	HW_Category_ShiftRightByImmediate	HW_Flag_HasImmediateOperand|HW_Flag_HasRMWSemantics
Arm64	AdvSimd	ShiftRightLogicalRoundedNarrowingUpper	HW_Category_ShiftRightByImmediate	HW_Flag_HasImmediateOperand|HW_Flag_HasRMWSemantics
Arm64	AdvSimd	ShiftRightLogicalRoundedScalar	HW_Category_ShiftRightByImmediate	HW_Flag_HasImmediateOperand|HW_Flag_SIMDScalar
Arm64	AdvSimd	ShiftRightLogicalScalar	HW_Category_ShiftRightByImmediate	HW_Flag_HasImmediateOperand|HW_Flag_NoJmpTableIMM|HW_Flag_SIMDScalar
Arm64	AdvSimd	SignExtendWideningLower	HW_Category_SIMD	HW_Flag_BaseTypeFromFirstArg
Arm64	AdvSimd	SignExtendWideningUpper	HW_Category_SIMD	HW_Flag_BaseTypeFromFirstArg
Arm64	AdvSimd	SqrtScalar	HW_Category_SIMD	HW_Flag_SIMDScalar
Arm64	AdvSimd	Store	HW_Category_MemoryStore	HW_Flag_BaseTypeFromSecondArg|HW_Flag_BaseTypeFromValueTupleArg|HW_Flag_NeedsConsecutiveRegisters|HW_Flag_SpecialCodeGen|HW_Flag_SpecialImport
Arm64	AdvSimd	StoreSelectedScalar	HW_Category_MemoryStore	HW_Flag_BaseTypeFromSecondArg|HW_Flag_BaseTypeFromValueTupleArg|HW_Flag_HasImmediateOperand|HW_Flag_NeedsConsecutiveRegisters|HW_Flag_SIMDScalar|HW_Flag_SpecialCodeGen|HW_Flag_SpecialImport
Arm64	AdvSimd	StoreVectorAndZip	HW_Category_MemoryStore	HW_Flag_BaseTypeFromSecondArg|HW_Flag_BaseTypeFromValueTupleArg|HW_Flag_NeedsConsecutiveRegisters|HW_Flag_SpecialCodeGen|HW_Flag_SpecialImport
Arm64	AdvSimd	Subtract	HW_Category_SIMD	HW_Flag_NoFlag
Arm64	AdvSimd	SubtractHighNarrowingLower	HW_Category_SIMD	HW_Flag_NoFlag
Arm64	AdvSimd	SubtractHighNarrowingUpper	HW_Category_SIMD	HW_Flag_HasRMWSemantics
Arm64	AdvSimd	SubtractRoundedHighNarrowingLower	HW_Category_SIMD	HW_Flag_NoFlag
Arm64	AdvSimd	SubtractRoundedHighNarrowingUpper	HW_Category_SIMD	HW_Flag_HasRMWSemantics
Arm64	AdvSimd	SubtractSaturate	HW_Category_SIMD	HW_Flag_NoFlag
Arm64	AdvSimd	SubtractSaturateScalar	HW_Category_SIMD	HW_Flag_SIMDScalar
Arm64	AdvSimd	SubtractScalar	HW_Category_SIMD	HW_Flag_SIMDScalar
Arm64	AdvSimd	SubtractWideningLower	HW_Category_SIMD	HW_Flag_BaseTypeFromSecondArg|HW_Flag_SpecialCodeGen
Arm64	AdvSimd	SubtractWideningUpper	HW_Category_SIMD	HW_Flag_BaseTypeFromSecondArg|HW_Flag_SpecialCodeGen
Arm64	AdvSimd	VectorTableLookup	HW_Category_SIMD	HW_Flag_NeedsConsecutiveRegisters|HW_Flag_SpecialCodeGen|HW_Flag_SpecialImport
Arm64	AdvSimd	VectorTableLookupExtension	HW_Category_SIMD	HW_Flag_HasRMWSemantics|HW_Flag_NeedsConsecutiveRegisters|HW_Flag_SpecialCodeGen|HW_Flag_SpecialImport
Arm64	AdvSimd	Xor	HW_Category_SIMD	HW_Flag_Commutative
Arm64	AdvSimd	ZeroExtendWideningLower	HW_Category_SIMD	HW_Flag_BaseTypeFromFirstArg
Arm64	AdvSimd	ZeroExtendWideningUpper	HW_Category_SIMD	HW_Flag_BaseTypeFromFirstArg
Arm64	AdvSimd_Arm64	Abs	HW_Category_SIMD	HW_Flag_BaseTypeFromFirstArg
Arm64	AdvSimd_Arm64	AbsSaturate	HW_Category_SIMD	HW_Flag_BaseTypeFromFirstArg
Arm64	AdvSimd_Arm64	AbsSaturateScalar	HW_Category_SIMD	HW_Flag_BaseTypeFromFirstArg|HW_Flag_SIMDScalar
Arm64	AdvSimd_Arm64	AbsScalar	HW_Category_SIMD	HW_Flag_BaseTypeFromFirstArg|HW_Flag_SIMDScalar
Arm64	AdvSimd_Arm64	AbsoluteCompareGreaterThan	HW_Category_SIMD	HW_Flag_NoFlag
Arm64	AdvSimd_Arm64	AbsoluteCompareGreaterThanOrEqual	HW_Category_SIMD	HW_Flag_NoFlag
Arm64	AdvSimd_Arm64	AbsoluteCompareGreaterThanOrEqualScalar	HW_Category_SIMD	HW_Flag_SIMDScalar
Arm64	AdvSimd_Arm64	AbsoluteCompareGreaterThanScalar	HW_Category_SIMD	HW_Flag_SIMDScalar
Arm64	AdvSimd_Arm64	AbsoluteCompareLessThan	HW_Category_SIMD	HW_Flag_SpecialCodeGen
Arm64	AdvSimd_Arm64	AbsoluteCompareLessThanOrEqual	HW_Category_SIMD	HW_Flag_SpecialCodeGen
Arm64	AdvSimd_Arm64	AbsoluteCompareLessThanOrEqualScalar	HW_Category_SIMD	HW_Flag_SIMDScalar|HW_Flag_SpecialCodeGen
Arm64	AdvSimd_Arm64	AbsoluteCompareLessThanScalar	HW_Category_SIMD	HW_Flag_SIMDScalar|HW_Flag_SpecialCodeGen
Arm64	AdvSimd_Arm64	AbsoluteDifference	HW_Category_SIMD	HW_Flag_NoFlag
Arm64	AdvSimd_Arm64	AbsoluteDifferenceScalar	HW_Category_SIMD	HW_Flag_SIMDScalar
Arm64	AdvSimd_Arm64	Add	HW_Category_SIMD	HW_Flag_Commutative
Arm64	AdvSimd_Arm64	AddAcross	HW_Category_SIMD	HW_Flag_BaseTypeFromFirstArg
Arm64	AdvSimd_Arm64	AddAcrossWidening	HW_Category_SIMD	HW_Flag_BaseTypeFromFirstArg
Arm64	AdvSimd_Arm64	AddPairwise	HW_Category_SIMD	HW_Flag_NoFlag
Arm64	AdvSimd_Arm64	AddPairwiseScalar	HW_Category_SIMD	HW_Flag_BaseTypeFromFirstArg
Arm64	AdvSimd_Arm64	AddSaturate	HW_Category_SIMD	HW_Flag_BaseTypeFromFirstArg|HW_Flag_HasRMWSemantics
Arm64	AdvSimd_Arm64	AddSaturateScalar	HW_Category_SIMD	HW_Flag_BaseTypeFromFirstArg|HW_Flag_HasRMWSemantics|HW_Flag_SIMDScalar|HW_Flag_SpecialCodeGen
Arm64	AdvSimd_Arm64	Ceiling	HW_Category_SIMD	HW_Flag_NoFlag
Arm64	AdvSimd_Arm64	CompareEqual	HW_Category_SIMD	HW_Flag_CanBenefitFromConstantProp|HW_Flag_Commutative|HW_Flag_SupportsContainment
Arm64	AdvSimd_Arm64	CompareEqualScalar	HW_Category_SIMD	HW_Flag_CanBenefitFromConstantProp|HW_Flag_Commutative|HW_Flag_SIMDScalar|HW_Flag_SupportsContainment
Arm64	AdvSimd_Arm64	CompareGreaterThan	HW_Category_SIMD	HW_Flag_CanBenefitFromConstantProp|HW_Flag_SupportsContainment
Arm64	AdvSimd_Arm64	CompareGreaterThanOrEqual	HW_Category_SIMD	HW_Flag_CanBenefitFromConstantProp|HW_Flag_SupportsContainment
Arm64	AdvSimd_Arm64	CompareGreaterThanOrEqualScalar	HW_Category_SIMD	HW_Flag_CanBenefitFromConstantProp|HW_Flag_SIMDScalar|HW_Flag_SupportsContainment
Arm64	AdvSimd_Arm64	CompareGreaterThanScalar	HW_Category_SIMD	HW_Flag_CanBenefitFromConstantProp|HW_Flag_SIMDScalar|HW_Flag_SupportsContainment
Arm64	AdvSimd_Arm64	CompareLessThan	HW_Category_SIMD	HW_Flag_SpecialCodeGen
Arm64	AdvSimd_Arm64	CompareLessThanOrEqual	HW_Category_SIMD	HW_Flag_SpecialCodeGen
Arm64	AdvSimd_Arm64	CompareLessThanOrEqualScalar	HW_Category_SIMD	HW_Flag_SIMDScalar|HW_Flag_SpecialCodeGen
Arm64	AdvSimd_Arm64	CompareLessThanScalar	HW_Category_SIMD	HW_Flag_SIMDScalar|HW_Flag_SpecialCodeGen
Arm64	AdvSimd_Arm64	CompareTest	HW_Category_SIMD	HW_Flag_Commutative
Arm64	AdvSimd_Arm64	CompareTestScalar	HW_Category_SIMD	HW_Flag_Commutative|HW_Flag_SIMDScalar
Arm64	AdvSimd_Arm64	ConvertToDouble	HW_Category_SIMD	HW_Flag_BaseTypeFromFirstArg
Arm64	AdvSimd_Arm64	ConvertToDoubleScalar	HW_Category_SIMD	HW_Flag_BaseTypeFromFirstArg|HW_Flag_SIMDScalar
Arm64	AdvSimd_Arm64	ConvertToDoubleUpper	HW_Category_SIMD	HW_Flag_BaseTypeFromFirstArg
Arm64	AdvSimd_Arm64	ConvertToInt64RoundAwayFromZero	HW_Category_SIMD	HW_Flag_BaseTypeFromFirstArg
Arm64	AdvSimd_Arm64	ConvertToInt64RoundAwayFromZeroScalar	HW_Category_SIMD	HW_Flag_BaseTypeFromFirstArg|HW_Flag_SIMDScalar
Arm64	AdvSimd_Arm64	ConvertToInt64RoundToEven	HW_Category_SIMD	HW_Flag_BaseTypeFromFirstArg
Arm64	AdvSimd_Arm64	ConvertToInt64RoundToEvenScalar	HW_Category_SIMD	HW_Flag_BaseTypeFromFirstArg|HW_Flag_SIMDScalar
Arm64	AdvSimd_Arm64	ConvertToInt64RoundToNegativeInfinity	HW_Category_SIMD	HW_Flag_BaseTypeFromFirstArg
Arm64	AdvSimd_Arm64	ConvertToInt64RoundToNegativeInfinityScalar	HW_Category_SIMD	HW_Flag_BaseTypeFromFirstArg|HW_Flag_SIMDScalar
Arm64	AdvSimd_Arm64	ConvertToInt64RoundToPositiveInfinity	HW_Category_SIMD	HW_Flag_BaseTypeFromFirstArg
Arm64	AdvSimd_Arm64	ConvertToInt64RoundToPositiveInfinityScalar	HW_Category_SIMD	HW_Flag_BaseTypeFromFirstArg|HW_Flag_SIMDScalar
Arm64	AdvSimd_Arm64	ConvertToInt64RoundToZero	HW_Category_SIMD	HW_Flag_BaseTypeFromFirstArg
Arm64	AdvSimd_Arm64	ConvertToInt64RoundToZeroScalar	HW_Category_SIMD	HW_Flag_BaseTypeFromFirstArg|HW_Flag_SIMDScalar
Arm64	AdvSimd_Arm64	ConvertToSingleLower	HW_Category_SIMD	HW_Flag_NoFlag
Arm64	AdvSimd_Arm64	ConvertToSingleRoundToOddLower	HW_Category_SIMD	HW_Flag_NoFlag
Arm64	AdvSimd_Arm64	ConvertToSingleRoundToOddUpper	HW_Category_SIMD	HW_Flag_HasRMWSemantics
Arm64	AdvSimd_Arm64	ConvertToSingleUpper	HW_Category_SIMD	HW_Flag_HasRMWSemantics
Arm64	AdvSimd_Arm64	ConvertToUInt64RoundAwayFromZero	HW_Category_SIMD	HW_Flag_BaseTypeFromFirstArg
Arm64	AdvSimd_Arm64	ConvertToUInt64RoundAwayFromZeroScalar	HW_Category_SIMD	HW_Flag_BaseTypeFromFirstArg|HW_Flag_SIMDScalar
Arm64	AdvSimd_Arm64	ConvertToUInt64RoundToEven	HW_Category_SIMD	HW_Flag_BaseTypeFromFirstArg
Arm64	AdvSimd_Arm64	ConvertToUInt64RoundToEvenScalar	HW_Category_SIMD	HW_Flag_BaseTypeFromFirstArg|HW_Flag_SIMDScalar
Arm64	AdvSimd_Arm64	ConvertToUInt64RoundToNegativeInfinity	HW_Category_SIMD	HW_Flag_BaseTypeFromFirstArg
Arm64	AdvSimd_Arm64	ConvertToUInt64RoundToNegativeInfinityScalar	HW_Category_SIMD	HW_Flag_BaseTypeFromFirstArg|HW_Flag_SIMDScalar
Arm64	AdvSimd_Arm64	ConvertToUInt64RoundToPositiveInfinity	HW_Category_SIMD	HW_Flag_BaseTypeFromFirstArg
Arm64	AdvSimd_Arm64	ConvertToUInt64RoundToPositiveInfinityScalar	HW_Category_SIMD	HW_Flag_BaseTypeFromFirstArg|HW_Flag_SIMDScalar
Arm64	AdvSimd_Arm64	ConvertToUInt64RoundToZero	HW_Category_SIMD	HW_Flag_BaseTypeFromFirstArg
Arm64	AdvSimd_Arm64	ConvertToUInt64RoundToZeroScalar	HW_Category_SIMD	HW_Flag_BaseTypeFromFirstArg|HW_Flag_SIMDScalar
Arm64	AdvSimd_Arm64	Divide	HW_Category_SIMD	HW_Flag_NoFlag
Arm64	AdvSimd_Arm64	DuplicateSelectedScalarToVector128	HW_Category_SIMD	HW_Flag_BaseTypeFromFirstArg|HW_Flag_HasImmediateOperand|HW_Flag_SpecialCodeGen
Arm64	AdvSimd_Arm64	DuplicateToVector128	HW_Category_SIMD	HW_Flag_SpecialCodeGen|HW_Flag_SupportsContainment
Arm64	AdvSimd_Arm64	DuplicateToVector64	HW_Category_SIMD	HW_Flag_SIMDScalar|HW_Flag_SpecialCodeGen|HW_Flag_SupportsContainment
Arm64	AdvSimd_Arm64	ExtractNarrowingSaturateScalar	HW_Category_SIMD	HW_Flag_SIMDScalar
Arm64	AdvSimd_Arm64	ExtractNarrowingSaturateUnsignedScalar	HW_Category_SIMD	HW_Flag_SIMDScalar
Arm64	AdvSimd_Arm64	Floor	HW_Category_SIMD	HW_Flag_NoFlag
Arm64	AdvSimd_Arm64	FusedMultiplyAdd	HW_Category_SIMD	HW_Flag_HasRMWSemantics
Arm64	AdvSimd_Arm64	FusedMultiplyAddByScalar	HW_Category_SIMDByIndexedElement	HW_Flag_HasRMWSemantics
Arm64	AdvSimd_Arm64	FusedMultiplyAddBySelectedScalar	HW_Category_SIMDByIndexedElement	HW_Flag_HasImmediateOperand|HW_Flag_HasRMWSemantics
Arm64	AdvSimd_Arm64	FusedMultiplyAddScalarBySelectedScalar	HW_Category_SIMDByIndexedElement	HW_Flag_HasImmediateOperand|HW_Flag_HasRMWSemantics|HW_Flag_SIMDScalar
Arm64	AdvSimd_Arm64	FusedMultiplySubtract	HW_Category_SIMD	HW_Flag_HasRMWSemantics
Arm64	AdvSimd_Arm64	FusedMultiplySubtractByScalar	HW_Category_SIMDByIndexedElement	HW_Flag_HasRMWSemantics
Arm64	AdvSimd_Arm64	FusedMultiplySubtractBySelectedScalar	HW_Category_SIMDByIndexedElement	HW_Flag_HasImmediateOperand|HW_Flag_HasRMWSemantics
Arm64	AdvSimd_Arm64	FusedMultiplySubtractScalarBySelectedScalar	HW_Category_SIMDByIndexedElement	HW_Flag_HasImmediateOperand|HW_Flag_HasRMWSemantics|HW_Flag_SIMDScalar
Arm64	AdvSimd_Arm64	InsertSelectedScalar	HW_Category_SIMD	HW_Flag_HasImmediateOperand|HW_Flag_HasRMWSemantics|HW_Flag_NoJmpTableIMM|HW_Flag_SIMDScalar|HW_Flag_SpecialCodeGen
Arm64	AdvSimd_Arm64	Load2xVector128	HW_Category_MemoryLoad	HW_Flag_BaseTypeFromFirstArg|HW_Flag_MultiReg|HW_Flag_NeedsConsecutiveRegisters|HW_Flag_SpecialImport
Arm64	AdvSimd_Arm64	Load2xVector128AndUnzip	HW_Category_MemoryLoad	HW_Flag_BaseTypeFromFirstArg|HW_Flag_MultiReg|HW_Flag_NeedsConsecutiveRegisters|HW_Flag_SpecialImport
Arm64	AdvSimd_Arm64	Load3xVector128	HW_Category_MemoryLoad	HW_Flag_BaseTypeFromFirstArg|HW_Flag_MultiReg|HW_Flag_NeedsConsecutiveRegisters|HW_Flag_SpecialImport
Arm64	AdvSimd_Arm64	Load3xVector128AndUnzip	HW_Category_MemoryLoad	HW_Flag_BaseTypeFromFirstArg|HW_Flag_MultiReg|HW_Flag_NeedsConsecutiveRegisters|HW_Flag_SpecialImport
Arm64	AdvSimd_Arm64	Load4xVector128	HW_Category_MemoryLoad	HW_Flag_BaseTypeFromFirstArg|HW_Flag_MultiReg|HW_Flag_NeedsConsecutiveRegisters|HW_Flag_SpecialImport
Arm64	AdvSimd_Arm64	Load4xVector128AndUnzip	HW_Category_MemoryLoad	HW_Flag_BaseTypeFromFirstArg|HW_Flag_MultiReg|HW_Flag_NeedsConsecutiveRegisters|HW_Flag_SpecialImport
Arm64	AdvSimd_Arm64	LoadAndInsertScalar	HW_Category_MemoryLoad	HW_Flag_NoCodeGen
Arm64	AdvSimd_Arm64	LoadAndInsertScalarVector128x2	HW_Category_MemoryLoad	HW_Flag_HasImmediateOperand|HW_Flag_HasRMWSemantics|HW_Flag_MultiReg|HW_Flag_NeedsConsecutiveRegisters|HW_Flag_SIMDScalar|HW_Flag_SpecialCodeGen|HW_Flag_SpecialImport
Arm64	AdvSimd_Arm64	LoadAndInsertScalarVector128x3	HW_Category_MemoryLoad	HW_Flag_HasImmediateOperand|HW_Flag_HasRMWSemantics|HW_Flag_MultiReg|HW_Flag_NeedsConsecutiveRegisters|HW_Flag_SIMDScalar|HW_Flag_SpecialCodeGen|HW_Flag_SpecialImport
Arm64	AdvSimd_Arm64	LoadAndInsertScalarVector128x4	HW_Category_MemoryLoad	HW_Flag_HasImmediateOperand|HW_Flag_HasRMWSemantics|HW_Flag_MultiReg|HW_Flag_NeedsConsecutiveRegisters|HW_Flag_SIMDScalar|HW_Flag_SpecialCodeGen|HW_Flag_SpecialImport
Arm64	AdvSimd_Arm64	LoadAndReplicateToVector128	HW_Category_MemoryLoad	HW_Flag_NoFlag
Arm64	AdvSimd_Arm64	LoadAndReplicateToVector128x2	HW_Category_MemoryLoad	HW_Flag_BaseTypeFromFirstArg|HW_Flag_MultiReg|HW_Flag_NeedsConsecutiveRegisters|HW_Flag_SpecialImport
Arm64	AdvSimd_Arm64	LoadAndReplicateToVector128x3	HW_Category_MemoryLoad	HW_Flag_BaseTypeFromFirstArg|HW_Flag_MultiReg|HW_Flag_NeedsConsecutiveRegisters|HW_Flag_SpecialImport
Arm64	AdvSimd_Arm64	LoadAndReplicateToVector128x4	HW_Category_MemoryLoad	HW_Flag_BaseTypeFromFirstArg|HW_Flag_MultiReg|HW_Flag_NeedsConsecutiveRegisters|HW_Flag_SpecialImport
Arm64	AdvSimd_Arm64	LoadPairScalarVector64	HW_Category_MemoryLoad	HW_Flag_BaseTypeFromFirstArg|HW_Flag_MultiReg|HW_Flag_SpecialCodeGen|HW_Flag_SpecialImport
Arm64	AdvSimd_Arm64	LoadPairScalarVector64NonTemporal	HW_Category_MemoryLoad	HW_Flag_BaseTypeFromFirstArg|HW_Flag_MultiReg|HW_Flag_SpecialCodeGen|HW_Flag_SpecialImport
Arm64	AdvSimd_Arm64	LoadPairVector128	HW_Category_MemoryLoad	HW_Flag_BaseTypeFromFirstArg|HW_Flag_MultiReg|HW_Flag_SpecialCodeGen|HW_Flag_SpecialImport
Arm64	AdvSimd_Arm64	LoadPairVector128NonTemporal	HW_Category_MemoryLoad	HW_Flag_BaseTypeFromFirstArg|HW_Flag_MultiReg|HW_Flag_SpecialCodeGen|HW_Flag_SpecialImport
Arm64	AdvSimd_Arm64	LoadPairVector64	HW_Category_MemoryLoad	HW_Flag_BaseTypeFromFirstArg|HW_Flag_MultiReg|HW_Flag_SpecialCodeGen|HW_Flag_SpecialImport
Arm64	AdvSimd_Arm64	LoadPairVector64NonTemporal	HW_Category_MemoryLoad	HW_Flag_BaseTypeFromFirstArg|HW_Flag_MultiReg|HW_Flag_SpecialCodeGen|HW_Flag_SpecialImport
Arm64	AdvSimd_Arm64	Max	HW_Category_SIMD	HW_Flag_Commutative
Arm64	AdvSimd_Arm64	MaxAcross	HW_Category_SIMD	HW_Flag_BaseTypeFromFirstArg
Arm64	AdvSimd_Arm64	MaxNumber	HW_Category_SIMD	HW_Flag_Commutative
Arm64	AdvSimd_Arm64	MaxNumberAcross	HW_Category_SIMD	HW_Flag_BaseTypeFromFirstArg
Arm64	AdvSimd_Arm64	MaxNumberPairwise	HW_Category_SIMD	HW_Flag_NoFlag
Arm64	AdvSimd_Arm64	MaxNumberPairwiseScalar	HW_Category_SIMD	HW_Flag_BaseTypeFromFirstArg
Arm64	AdvSimd_Arm64	MaxPairwise	HW_Category_SIMD	HW_Flag_NoFlag
Arm64	AdvSimd_Arm64	MaxPairwiseScalar	HW_Category_SIMD	HW_Flag_BaseTypeFromFirstArg
Arm64	AdvSimd_Arm64	MaxScalar	HW_Category_SIMD	HW_Flag_Commutative|HW_Flag_SIMDScalar
Arm64	AdvSimd_Arm64	Min	HW_Category_SIMD	HW_Flag_Commutative
Arm64	AdvSimd_Arm64	MinAcross	HW_Category_SIMD	HW_Flag_BaseTypeFromFirstArg
Arm64	AdvSimd_Arm64	MinNumber	HW_Category_SIMD	HW_Flag_Commutative
Arm64	AdvSimd_Arm64	MinNumberAcross	HW_Category_SIMD	HW_Flag_BaseTypeFromFirstArg
Arm64	AdvSimd_Arm64	MinNumberPairwise	HW_Category_SIMD	HW_Flag_NoFlag
Arm64	AdvSimd_Arm64	MinNumberPairwiseScalar	HW_Category_SIMD	HW_Flag_BaseTypeFromFirstArg
Arm64	AdvSimd_Arm64	MinPairwise	HW_Category_SIMD	HW_Flag_NoFlag
Arm64	AdvSimd_Arm64	MinPairwiseScalar	HW_Category_SIMD	HW_Flag_BaseTypeFromFirstArg
Arm64	AdvSimd_Arm64	MinScalar	HW_Category_SIMD	HW_Flag_Commutative|HW_Flag_SIMDScalar
Arm64	AdvSimd_Arm64	Multiply	HW_Category_SIMD	HW_Flag_Commutative
Arm64	AdvSimd_Arm64	MultiplyByScalar	HW_Category_SIMDByIndexedElement	HW_Flag_NoFlag
Arm64	AdvSimd_Arm64	MultiplyBySelectedScalar	HW_Category_SIMDByIndexedElement	HW_Flag_HasImmediateOperand
Arm64	AdvSimd_Arm64	MultiplyDoublingSaturateHighScalar	HW_Category_SIMD	HW_Flag_Commutative|HW_Flag_SIMDScalar
Arm64	AdvSimd_Arm64	MultiplyDoublingScalarBySelectedScalarSaturateHigh	HW_Category_SIMDByIndexedElement	HW_Flag_HasImmediateOperand|HW_Flag_SIMDScalar
Arm64	AdvSimd_Arm64	MultiplyDoublingWideningAndAddSaturateScalar	HW_Category_SIMD	HW_Flag_BaseTypeFromSecondArg|HW_Flag_HasRMWSemantics|HW_Flag_SIMDScalar
Arm64	AdvSimd_Arm64	MultiplyDoublingWideningAndSubtractSaturateScalar	HW_Category_SIMD	HW_Flag_BaseTypeFromSecondArg|HW_Flag_HasRMWSemantics|HW_Flag_SIMDScalar
Arm64	AdvSimd_Arm64	MultiplyDoublingWideningSaturateScalar	HW_Category_SIMD	HW_Flag_BaseTypeFromFirstArg|HW_Flag_Commutative|HW_Flag_SIMDScalar
Arm64	AdvSimd_Arm64	MultiplyDoublingWideningSaturateScalarBySelectedScalar	HW_Category_SIMDByIndexedElement	HW_Flag_BaseTypeFromFirstArg|HW_Flag_HasImmediateOperand|HW_Flag_SIMDScalar
Arm64	AdvSimd_Arm64	MultiplyDoublingWideningScalarBySelectedScalarAndAddSaturate	HW_Category_SIMDByIndexedElement	HW_Flag_BaseTypeFromSecondArg|HW_Flag_HasImmediateOperand|HW_Flag_HasRMWSemantics|HW_Flag_SIMDScalar
Arm64	AdvSimd_Arm64	MultiplyDoublingWideningScalarBySelectedScalarAndSubtractSaturate	HW_Category_SIMDByIndexedElement	HW_Flag_BaseTypeFromSecondArg|HW_Flag_HasImmediateOperand|HW_Flag_HasRMWSemantics|HW_Flag_SIMDScalar
Arm64	AdvSimd_Arm64	MultiplyExtended	HW_Category_SIMD	HW_Flag_Commutative
Arm64	AdvSimd_Arm64	MultiplyExtendedByScalar	HW_Category_SIMDByIndexedElement	HW_Flag_NoFlag
Arm64	AdvSimd_Arm64	MultiplyExtendedBySelectedScalar	HW_Category_SIMDByIndexedElement	HW_Flag_HasImmediateOperand
Arm64	AdvSimd_Arm64	MultiplyExtendedScalar	HW_Category_SIMD	HW_Flag_Commutative|HW_Flag_SIMDScalar
Arm64	AdvSimd_Arm64	MultiplyExtendedScalarBySelectedScalar	HW_Category_SIMDByIndexedElement	HW_Flag_HasImmediateOperand|HW_Flag_SIMDScalar
Arm64	AdvSimd_Arm64	MultiplyRoundedDoublingSaturateHighScalar	HW_Category_SIMD	HW_Flag_Commutative|HW_Flag_SIMDScalar
Arm64	AdvSimd_Arm64	MultiplyRoundedDoublingScalarBySelectedScalarSaturateHigh	HW_Category_SIMDByIndexedElement	HW_Flag_HasImmediateOperand|HW_Flag_SIMDScalar
Arm64	AdvSimd_Arm64	MultiplyScalarBySelectedScalar	HW_Category_SIMDByIndexedElement	HW_Flag_HasImmediateOperand|HW_Flag_SIMDScalar
Arm64	AdvSimd_Arm64	Negate	HW_Category_SIMD	HW_Flag_NoFlag
Arm64	AdvSimd_Arm64	NegateSaturate	HW_Category_SIMD	HW_Flag_NoFlag
Arm64	AdvSimd_Arm64	NegateSaturateScalar	HW_Category_SIMD	HW_Flag_SIMDScalar
Arm64	AdvSimd_Arm64	NegateScalar	HW_Category_SIMD	HW_Flag_SIMDScalar
Arm64	AdvSimd_Arm64	ReciprocalEstimate	HW_Category_SIMD	HW_Flag_NoFlag
Arm64	AdvSimd_Arm64	ReciprocalEstimateScalar	HW_Category_SIMD	HW_Flag_SIMDScalar
Arm64	AdvSimd_Arm64	ReciprocalExponentScalar	HW_Category_SIMD	HW_Flag_SIMDScalar
Arm64	AdvSimd_Arm64	ReciprocalSquareRootEstimate	HW_Category_SIMD	HW_Flag_NoFlag
Arm64	AdvSimd_Arm64	ReciprocalSquareRootEstimateScalar	HW_Category_SIMD	HW_Flag_SIMDScalar
Arm64	AdvSimd_Arm64	ReciprocalSquareRootStep	HW_Category_SIMD	HW_Flag_Commutative
Arm64	AdvSimd_Arm64	ReciprocalSquareRootStepScalar	HW_Category_SIMD	HW_Flag_Commutative|HW_Flag_SIMDScalar
Arm64	AdvSimd_Arm64	ReciprocalStep	HW_Category_SIMD	HW_Flag_Commutative
Arm64	AdvSimd_Arm64	ReciprocalStepScalar	HW_Category_SIMD	HW_Flag_Commutative|HW_Flag_SIMDScalar
Arm64	AdvSimd_Arm64	ReverseElementBits	HW_Category_SIMD	HW_Flag_NoFlag
Arm64	AdvSimd_Arm64	RoundAwayFromZero	HW_Category_SIMD	HW_Flag_NoFlag
Arm64	AdvSimd_Arm64	RoundToNearest	HW_Category_SIMD	HW_Flag_NoFlag
Arm64	AdvSimd_Arm64	RoundToNegativeInfinity	HW_Category_SIMD	HW_Flag_NoFlag
Arm64	AdvSimd_Arm64	RoundToPositiveInfinity	HW_Category_SIMD	HW_Flag_NoFlag
Arm64	AdvSimd_Arm64	RoundToZero	HW_Category_SIMD	HW_Flag_NoFlag
Arm64	AdvSimd_Arm64	ShiftArithmeticRoundedSaturateScalar	HW_Category_SIMD	HW_Flag_SIMDScalar
Arm64	AdvSimd_Arm64	ShiftArithmeticSaturateScalar	HW_Category_SIMD	HW_Flag_SIMDScalar
Arm64	AdvSimd_Arm64	ShiftLeftLogicalSaturateScalar	HW_Category_ShiftLeftByImmediate	HW_Flag_HasImmediateOperand|HW_Flag_SIMDScalar
Arm64	AdvSimd_Arm64	ShiftLeftLogicalSaturateUnsignedScalar	HW_Category_ShiftLeftByImmediate	HW_Flag_BaseTypeFromFirstArg|HW_Flag_HasImmediateOperand|HW_Flag_SIMDScalar
Arm64	AdvSimd_Arm64	ShiftLogicalRoundedSaturateScalar	HW_Category_SIMD	HW_Flag_SIMDScalar
Arm64	AdvSimd_Arm64	ShiftLogicalSaturateScalar	HW_Category_SIMD	HW_Flag_SIMDScalar
Arm64	AdvSimd_Arm64	ShiftRightArithmeticNarrowingSaturateScalar	HW_Category_ShiftRightByImmediate	HW_Flag_HasImmediateOperand|HW_Flag_SIMDScalar
Arm64	AdvSimd_Arm64	ShiftRightArithmeticNarrowingSaturateUnsignedScalar	HW_Category_ShiftRightByImmediate	HW_Flag_HasImmediateOperand|HW_Flag_SIMDScalar
Arm64	AdvSimd_Arm64	ShiftRightArithmeticRoundedNarrowingSaturateScalar	HW_Category_ShiftRightByImmediate	HW_Flag_HasImmediateOperand|HW_Flag_SIMDScalar
Arm64	AdvSimd_Arm64	ShiftRightArithmeticRoundedNarrowingSaturateUnsignedScalar	HW_Category_ShiftRightByImmediate	HW_Flag_HasImmediateOperand|HW_Flag_SIMDScalar
Arm64	AdvSimd_Arm64	ShiftRightLogicalNarrowingSaturateScalar	HW_Category_ShiftRightByImmediate	HW_Flag_HasImmediateOperand|HW_Flag_SIMDScalar
Arm64	AdvSimd_Arm64	ShiftRightLogicalRoundedNarrowingSaturateScalar	HW_Category_ShiftRightByImmediate	HW_Flag_HasImmediateOperand|HW_Flag_SIMDScalar
Arm64	AdvSimd_Arm64	Sqrt	HW_Category_SIMD	HW_Flag_NoFlag
Arm64	AdvSimd_Arm64	Store	HW_Category_MemoryStore	HW_Flag_BaseTypeFromSecondArg|HW_Flag_BaseTypeFromValueTupleArg|HW_Flag_NeedsConsecutiveRegisters|HW_Flag_SpecialCodeGen|HW_Flag_SpecialImport
Arm64	AdvSimd_Arm64	StorePair	HW_Category_MemoryStore	HW_Flag_BaseTypeFromSecondArg|HW_Flag_SpecialCodeGen
Arm64	AdvSimd_Arm64	StorePairNonTemporal	HW_Category_MemoryStore	HW_Flag_BaseTypeFromSecondArg|HW_Flag_SpecialCodeGen
Arm64	AdvSimd_Arm64	StorePairScalar	HW_Category_MemoryStore	HW_Flag_BaseTypeFromSecondArg|HW_Flag_SpecialCodeGen
Arm64	AdvSimd_Arm64	StorePairScalarNonTemporal	HW_Category_MemoryStore	HW_Flag_BaseTypeFromSecondArg|HW_Flag_SpecialCodeGen
Arm64	AdvSimd_Arm64	StoreSelectedScalar	HW_Category_MemoryStore	HW_Flag_BaseTypeFromSecondArg|HW_Flag_BaseTypeFromValueTupleArg|HW_Flag_HasImmediateOperand|HW_Flag_NeedsConsecutiveRegisters|HW_Flag_SIMDScalar|HW_Flag_SpecialCodeGen|HW_Flag_SpecialImport
Arm64	AdvSimd_Arm64	StoreVectorAndZip	HW_Category_MemoryStore	HW_Flag_BaseTypeFromSecondArg|HW_Flag_BaseTypeFromValueTupleArg|HW_Flag_NeedsConsecutiveRegisters|HW_Flag_SpecialCodeGen|HW_Flag_SpecialImport
Arm64	AdvSimd_Arm64	Subtract	HW_Category_SIMD	HW_Flag_NoFlag
Arm64	AdvSimd_Arm64	SubtractSaturateScalar	HW_Category_SIMD	HW_Flag_SIMDScalar
Arm64	AdvSimd_Arm64	TransposeEven	HW_Category_SIMD	HW_Flag_NoFlag
Arm64	AdvSimd_Arm64	TransposeOdd	HW_Category_SIMD	HW_Flag_NoFlag
Arm64	AdvSimd_Arm64	UnzipEven	HW_Category_SIMD	HW_Flag_NoFlag
Arm64	AdvSimd_Arm64	UnzipOdd	HW_Category_SIMD	HW_Flag_NoFlag
Arm64	AdvSimd_Arm64	VectorTableLookup	HW_Category_SIMD	HW_Flag_NeedsConsecutiveRegisters|HW_Flag_SpecialCodeGen|HW_Flag_SpecialImport
Arm64	AdvSimd_Arm64	VectorTableLookupExtension	HW_Category_SIMD	HW_Flag_HasRMWSemantics|HW_Flag_NeedsConsecutiveRegisters|HW_Flag_SpecialCodeGen|HW_Flag_SpecialImport
Arm64	AdvSimd_Arm64	ZipHigh	HW_Category_SIMD	HW_Flag_NoFlag
Arm64	AdvSimd_Arm64	ZipLow	HW_Category_SIMD	HW_Flag_NoFlag
Arm64	Aes	Decrypt	HW_Category_SIMD	HW_Flag_HasRMWSemantics
Arm64	Aes	Encrypt	HW_Category_SIMD	HW_Flag_HasRMWSemantics
Arm64	Aes	InverseMixColumns	HW_Category_SIMD	HW_Flag_NoFlag
Arm64	Aes	MixColumns	HW_Category_SIMD	HW_Flag_NoFlag
Arm64	Aes	PolynomialMultiplyWideningLower	HW_Category_SIMD	HW_Flag_BaseTypeFromFirstArg|HW_Flag_Commutative
Arm64	Aes	PolynomialMultiplyWideningUpper	HW_Category_SIMD	HW_Flag_BaseTypeFromFirstArg|HW_Flag_Commutative
Arm64	ArmBase	LeadingZeroCount	HW_Category_Scalar	HW_Flag_BaseTypeFromFirstArg|HW_Flag_NoFloatingPointUsed
Arm64	ArmBase	ReverseElementBits	HW_Category_Scalar	HW_Flag_NoFloatingPointUsed
Arm64	ArmBase	Yield	HW_Category_Special	HW_Flag_NoFloatingPointUsed|HW_Flag_SpecialCodeGen|HW_Flag_SpecialImport|HW_Flag_SpecialSideEffect_Other
Arm64	ArmBase_Arm64	LeadingSignCount	HW_Category_Scalar	HW_Flag_BaseTypeFromFirstArg|HW_Flag_NoFloatingPointUsed
Arm64	ArmBase_Arm64	LeadingZeroCount	HW_Category_Scalar	HW_Flag_BaseTypeFromFirstArg|HW_Flag_NoFloatingPointUsed
Arm64	ArmBase_Arm64	MultiplyHigh	HW_Category_Scalar	HW_Flag_NoFloatingPointUsed
Arm64	ArmBase_Arm64	MultiplyLongAdd	HW_Category_Scalar	HW_Flag_NoFloatingPointUsed|HW_Flag_SpecialCodeGen
Arm64	ArmBase_Arm64	MultiplyLongNeg	HW_Category_Scalar	HW_Flag_NoFloatingPointUsed
Arm64	ArmBase_Arm64	MultiplyLongSub	HW_Category_Scalar	HW_Flag_NoFloatingPointUsed|HW_Flag_SpecialCodeGen
Arm64	ArmBase_Arm64	ReverseElementBits	HW_Category_Scalar	HW_Flag_NoFloatingPointUsed
Arm64	Crc32	ComputeCrc32	HW_Category_Scalar	HW_Flag_BaseTypeFromSecondArg|HW_Flag_NoFloatingPointUsed|HW_Flag_SpecialCodeGen
Arm64	Crc32	ComputeCrc32C	HW_Category_Scalar	HW_Flag_BaseTypeFromSecondArg|HW_Flag_NoFloatingPointUsed|HW_Flag_SpecialCodeGen
Arm64	Crc32_Arm64	ComputeCrc32	HW_Category_Scalar	HW_Flag_BaseTypeFromSecondArg|HW_Flag_NoFloatingPointUsed|HW_Flag_SpecialCodeGen
Arm64	Crc32_Arm64	ComputeCrc32C	HW_Category_Scalar	HW_Flag_BaseTypeFromSecondArg|HW_Flag_NoFloatingPointUsed|HW_Flag_SpecialCodeGen
Arm64	Dp	DotProduct	HW_Category_SIMD	HW_Flag_HasRMWSemantics
Arm64	Dp	DotProductBySelectedQuadruplet	HW_Category_SIMDByIndexedElement	HW_Flag_HasImmediateOperand|HW_Flag_HasRMWSemantics
Arm64	Rdm	MultiplyRoundedDoublingAndAddSaturateHigh	HW_Category_SIMD	HW_Flag_HasRMWSemantics
Arm64	Rdm	MultiplyRoundedDoublingAndSubtractSaturateHigh	HW_Category_SIMD	HW_Flag_HasRMWSemantics
Arm64	Rdm	MultiplyRoundedDoublingBySelectedScalarAndAddSaturateHigh	HW_Category_SIMDByIndexedElement	HW_Flag_HasImmediateOperand|HW_Flag_HasRMWSemantics
Arm64	Rdm	MultiplyRoundedDoublingBySelectedScalarAndSubtractSaturateHigh	HW_Category_SIMDByIndexedElement	HW_Flag_HasImmediateOperand|HW_Flag_HasRMWSemantics
Arm64	Rdm_Arm64	MultiplyRoundedDoublingAndAddSaturateHighScalar	HW_Category_SIMD	HW_Flag_HasRMWSemantics|HW_Flag_SIMDScalar
Arm64	Rdm_Arm64	MultiplyRoundedDoublingAndSubtractSaturateHighScalar	HW_Category_SIMD	HW_Flag_HasRMWSemantics|HW_Flag_SIMDScalar
Arm64	Rdm_Arm64	MultiplyRoundedDoublingScalarBySelectedScalarAndAddSaturateHigh	HW_Category_SIMDByIndexedElement	HW_Flag_HasImmediateOperand|HW_Flag_HasRMWSemantics|HW_Flag_SIMDScalar
Arm64	Rdm_Arm64	MultiplyRoundedDoublingScalarBySelectedScalarAndSubtractSaturateHigh	HW_Category_SIMDByIndexedElement	HW_Flag_HasImmediateOperand|HW_Flag_HasRMWSemantics|HW_Flag_SIMDScalar
Arm64	Sha1	FixedRotate	HW_Category_SIMD	HW_Flag_SIMDScalar
Arm64	Sha1	HashUpdateChoose	HW_Category_SIMD	HW_Flag_HasRMWSemantics
Arm64	Sha1	HashUpdateMajority	HW_Category_SIMD	HW_Flag_HasRMWSemantics
Arm64	Sha1	HashUpdateParity	HW_Category_SIMD	HW_Flag_HasRMWSemantics
Arm64	Sha1	ScheduleUpdate0	HW_Category_SIMD	HW_Flag_HasRMWSemantics
Arm64	Sha1	ScheduleUpdate1	HW_Category_SIMD	HW_Flag_HasRMWSemantics
Arm64	Sha256	HashUpdate1	HW_Category_SIMD	HW_Flag_HasRMWSemantics
Arm64	Sha256	HashUpdate2	HW_Category_SIMD	HW_Flag_HasRMWSemantics
Arm64	Sha256	ScheduleUpdate0	HW_Category_SIMD	HW_Flag_HasRMWSemantics
Arm64	Sha256	ScheduleUpdate1	HW_Category_SIMD	HW_Flag_HasRMWSemantics
Arm64	Sve	Abs	HW_Category_SIMD	HW_Flag_EmbeddedMaskedOperation|HW_Flag_LowMaskedOperation|HW_Flag_Scalable
Arm64	Sve	AbsoluteCompareGreaterThan	HW_Category_SIMD	HW_Flag_EmbeddedMaskedOperation|HW_Flag_LowMaskedOperation|HW_Flag_ReturnsPerElementMask|HW_Flag_Scalable|HW_Flag_ZeroingMaskedOperation
Arm64	Sve	AbsoluteCompareGreaterThanOrEqual	HW_Category_SIMD	HW_Flag_EmbeddedMaskedOperation|HW_Flag_LowMaskedOperation|HW_Flag_ReturnsPerElementMask|HW_Flag_Scalable|HW_Flag_ZeroingMaskedOperation
Arm64	Sve	AbsoluteCompareLessThan	HW_Category_SIMD	HW_Flag_EmbeddedMaskedOperation|HW_Flag_LowMaskedOperation|HW_Flag_ReturnsPerElementMask|HW_Flag_Scalable|HW_Flag_ZeroingMaskedOperation
Arm64	Sve	AbsoluteCompareLessThanOrEqual	HW_Category_SIMD	HW_Flag_EmbeddedMaskedOperation|HW_Flag_LowMaskedOperation|HW_Flag_ReturnsPerElementMask|HW_Flag_Scalable|HW_Flag_ZeroingMaskedOperation
Arm64	Sve	AbsoluteDifference	HW_Category_SIMD	HW_Flag_EmbeddedMaskedOperation|HW_Flag_HasRMWSemantics|HW_Flag_LowMaskedOperation|HW_Flag_Scalable
Arm64	Sve	Add	HW_Category_SIMD	HW_Flag_HasRMWSemantics|HW_Flag_LowMaskedOperation|HW_Flag_OptionalEmbeddedMaskedOperation|HW_Flag_Scalable
Arm64	Sve	AddAcross	HW_Category_SIMD	HW_Flag_BaseTypeFromFirstArg|HW_Flag_EmbeddedMaskedOperation|HW_Flag_LowMaskedOperation|HW_Flag_ReduceOperation|HW_Flag_Scalable
Arm64	Sve	AddRotateComplex	HW_Category_SIMD	HW_Flag_EmbeddedMaskedOperation|HW_Flag_HasImmediateOperand|HW_Flag_HasRMWSemantics|HW_Flag_LowMaskedOperation|HW_Flag_Scalable
Arm64	Sve	AddSaturate	HW_Category_SIMD	HW_Flag_Scalable
Arm64	Sve	AddSequentialAcross	HW_Category_SIMD	HW_Flag_EmbeddedMaskedOperation|HW_Flag_HasRMWSemantics|HW_Flag_LowMaskedOperation|HW_Flag_ReduceOperation|HW_Flag_Scalable
Arm64	Sve	And	HW_Category_SIMD	HW_Flag_HasAllMaskVariant|HW_Flag_HasRMWSemantics|HW_Flag_LowMaskedOperation|HW_Flag_OptionalEmbeddedMaskedOperation|HW_Flag_Scalable
Arm64	Sve	AndAcross	HW_Category_SIMD	HW_Flag_EmbeddedMaskedOperation|HW_Flag_LowMaskedOperation|HW_Flag_ReduceOperation|HW_Flag_Scalable
Arm64	Sve	And_Predicates	HW_Category_SIMD	HW_Flag_EmbeddedMaskedOperation|HW_Flag_ReturnsPerElementMask|HW_Flag_Scalable|HW_Flag_SpecialCodeGen
Arm64	Sve	BitwiseClear	HW_Category_SIMD	HW_Flag_HasAllMaskVariant|HW_Flag_HasRMWSemantics|HW_Flag_LowMaskedOperation|HW_Flag_OptionalEmbeddedMaskedOperation|HW_Flag_Scalable
Arm64	Sve	BitwiseClear_Predicates	HW_Category_SIMD	HW_Flag_EmbeddedMaskedOperation|HW_Flag_ReturnsPerElementMask|HW_Flag_Scalable|HW_Flag_SpecialCodeGen
Arm64	Sve	BooleanNot	HW_Category_SIMD	HW_Flag_EmbeddedMaskedOperation|HW_Flag_LowMaskedOperation|HW_Flag_Scalable
Arm64	Sve	Compact	HW_Category_SIMD	HW_Flag_ExplicitMaskedOperation|HW_Flag_LowMaskedOperation|HW_Flag_Scalable
Arm64	Sve	CompareEqual	HW_Category_SIMD	HW_Flag_EmbeddedMaskedOperation|HW_Flag_LowMaskedOperation|HW_Flag_ReturnsPerElementMask|HW_Flag_Scalable|HW_Flag_ZeroingMaskedOperation
Arm64	Sve	CompareGreaterThan	HW_Category_SIMD	HW_Flag_EmbeddedMaskedOperation|HW_Flag_LowMaskedOperation|HW_Flag_ReturnsPerElementMask|HW_Flag_Scalable|HW_Flag_ZeroingMaskedOperation
Arm64	Sve	CompareGreaterThanOrEqual	HW_Category_SIMD	HW_Flag_EmbeddedMaskedOperation|HW_Flag_LowMaskedOperation|HW_Flag_ReturnsPerElementMask|HW_Flag_Scalable|HW_Flag_ZeroingMaskedOperation
Arm64	Sve	CompareLessThan	HW_Category_SIMD	HW_Flag_EmbeddedMaskedOperation|HW_Flag_LowMaskedOperation|HW_Flag_ReturnsPerElementMask|HW_Flag_Scalable|HW_Flag_ZeroingMaskedOperation
Arm64	Sve	CompareLessThanOrEqual	HW_Category_SIMD	HW_Flag_EmbeddedMaskedOperation|HW_Flag_LowMaskedOperation|HW_Flag_ReturnsPerElementMask|HW_Flag_Scalable|HW_Flag_ZeroingMaskedOperation
Arm64	Sve	CompareNotEqualTo	HW_Category_SIMD	HW_Flag_EmbeddedMaskedOperation|HW_Flag_LowMaskedOperation|HW_Flag_ReturnsPerElementMask|HW_Flag_Scalable|HW_Flag_ZeroingMaskedOperation
Arm64	Sve	CompareUnordered	HW_Category_SIMD	HW_Flag_EmbeddedMaskedOperation|HW_Flag_LowMaskedOperation|HW_Flag_ReturnsPerElementMask|HW_Flag_Scalable|HW_Flag_ZeroingMaskedOperation
Arm64	Sve	Compute16BitAddresses	HW_Category_SIMD	HW_Flag_Scalable|HW_Flag_SpecialCodeGen
Arm64	Sve	Compute32BitAddresses	HW_Category_SIMD	HW_Flag_Scalable|HW_Flag_SpecialCodeGen
Arm64	Sve	Compute64BitAddresses	HW_Category_SIMD	HW_Flag_Scalable|HW_Flag_SpecialCodeGen
Arm64	Sve	Compute8BitAddresses	HW_Category_SIMD	HW_Flag_Scalable|HW_Flag_SpecialCodeGen
Arm64	Sve	ConditionalExtractAfterLastActiveElement	HW_Category_SIMD	HW_Flag_ExplicitMaskedOperation|HW_Flag_HasRMWSemantics|HW_Flag_HasScalarInputVariant|HW_Flag_LowMaskedOperation|HW_Flag_Scalable|HW_Flag_SpecialCodeGen
Arm64	Sve	ConditionalExtractAfterLastActiveElementAndReplicate	HW_Category_SIMD	HW_Flag_ExplicitMaskedOperation|HW_Flag_HasRMWSemantics|HW_Flag_LowMaskedOperation|HW_Flag_Scalable
Arm64	Sve	ConditionalExtractAfterLastActiveElementScalar	HW_Category_Scalar	HW_Flag_ExplicitMaskedOperation|HW_Flag_HasRMWSemantics|HW_Flag_LowMaskedOperation|HW_Flag_Scalable|HW_Flag_SpecialCodeGen|HW_Flag_SpecialImport
Arm64	Sve	ConditionalExtractLastActiveElement	HW_Category_SIMD	HW_Flag_ExplicitMaskedOperation|HW_Flag_HasRMWSemantics|HW_Flag_HasScalarInputVariant|HW_Flag_LowMaskedOperation|HW_Flag_Scalable|HW_Flag_SpecialCodeGen
Arm64	Sve	ConditionalExtractLastActiveElementAndReplicate	HW_Category_SIMD	HW_Flag_ExplicitMaskedOperation|HW_Flag_HasRMWSemantics|HW_Flag_LowMaskedOperation|HW_Flag_Scalable
Arm64	Sve	ConditionalExtractLastActiveElementScalar	HW_Category_Scalar	HW_Flag_ExplicitMaskedOperation|HW_Flag_HasRMWSemantics|HW_Flag_LowMaskedOperation|HW_Flag_Scalable|HW_Flag_SpecialCodeGen|HW_Flag_SpecialImport
Arm64	Sve	ConditionalSelect	HW_Category_SIMD	HW_Flag_ExplicitMaskedOperation|HW_Flag_HasAllMaskVariant|HW_Flag_Scalable|HW_Flag_SupportsContainment
Arm64	Sve	ConditionalSelect_Predicates	HW_Category_SIMD	HW_Flag_ExplicitMaskedOperation|HW_Flag_ReturnsPerElementMask|HW_Flag_Scalable|HW_Flag_SpecialCodeGen
Arm64	Sve	ConversionTrueMask	HW_Category_Helper	HW_Flag_ReturnsPerElementMask|HW_Flag_Scalable
Arm64	Sve	ConvertMaskToVector	HW_Category_Helper	HW_Flag_Scalable
Arm64	Sve	ConvertToDouble	HW_Category_SIMD	HW_Flag_BaseTypeFromFirstArg|HW_Flag_EmbeddedMaskedOperation|HW_Flag_LowMaskedOperation|HW_Flag_Scalable
Arm64	Sve	ConvertToInt32	HW_Category_SIMD	HW_Flag_BaseTypeFromFirstArg|HW_Flag_EmbeddedMaskedOperation|HW_Flag_LowMaskedOperation|HW_Flag_Scalable
Arm64	Sve	ConvertToInt64	HW_Category_SIMD	HW_Flag_BaseTypeFromFirstArg|HW_Flag_EmbeddedMaskedOperation|HW_Flag_LowMaskedOperation|HW_Flag_Scalable
Arm64	Sve	ConvertToSingle	HW_Category_SIMD	HW_Flag_BaseTypeFromFirstArg|HW_Flag_EmbeddedMaskedOperation|HW_Flag_LowMaskedOperation|HW_Flag_Scalable
Arm64	Sve	ConvertToUInt32	HW_Category_SIMD	HW_Flag_BaseTypeFromFirstArg|HW_Flag_EmbeddedMaskedOperation|HW_Flag_LowMaskedOperation|HW_Flag_Scalable
Arm64	Sve	ConvertToUInt64	HW_Category_SIMD	HW_Flag_BaseTypeFromFirstArg|HW_Flag_EmbeddedMaskedOperation|HW_Flag_LowMaskedOperation|HW_Flag_Scalable
Arm64	Sve	ConvertVectorToMask	HW_Category_Helper	HW_Flag_ExplicitMaskedOperation|HW_Flag_LowMaskedOperation|HW_Flag_ReturnsPerElementMask|HW_Flag_Scalable
Arm64	Sve	Count16BitElements	HW_Category_Scalar	HW_Flag_HasImmediateOperand|HW_Flag_NoFloatingPointUsed|HW_Flag_Scalable|HW_Flag_SpecialCodeGen
Arm64	Sve	Count32BitElements	HW_Category_Scalar	HW_Flag_HasImmediateOperand|HW_Flag_NoFloatingPointUsed|HW_Flag_Scalable|HW_Flag_SpecialCodeGen
Arm64	Sve	Count64BitElements	HW_Category_Scalar	HW_Flag_HasImmediateOperand|HW_Flag_NoFloatingPointUsed|HW_Flag_Scalable|HW_Flag_SpecialCodeGen
Arm64	Sve	Count8BitElements	HW_Category_Scalar	HW_Flag_HasImmediateOperand|HW_Flag_NoFloatingPointUsed|HW_Flag_Scalable|HW_Flag_SpecialCodeGen
Arm64	Sve	CreateBreakAfterMask	HW_Category_SIMD	HW_Flag_ExplicitMaskedOperation|HW_Flag_ReturnsPerElementMask|HW_Flag_Scalable|HW_Flag_SpecialCodeGen
Arm64	Sve	CreateBreakAfterPropagateMask	HW_Category_SIMD	HW_Flag_ExplicitMaskedOperation|HW_Flag_ReturnsPerElementMask|HW_Flag_Scalable|HW_Flag_SpecialCodeGen|HW_Flag_ZeroingMaskedOperation
Arm64	Sve	CreateBreakBeforeMask	HW_Category_SIMD	HW_Flag_ExplicitMaskedOperation|HW_Flag_ReturnsPerElementMask|HW_Flag_Scalable|HW_Flag_SpecialCodeGen
Arm64	Sve	CreateBreakBeforePropagateMask	HW_Category_SIMD	HW_Flag_ExplicitMaskedOperation|HW_Flag_ReturnsPerElementMask|HW_Flag_Scalable|HW_Flag_SpecialCodeGen|HW_Flag_ZeroingMaskedOperation
Arm64	Sve	CreateBreakPropagateMask	HW_Category_SIMD	HW_Flag_EmbeddedMaskedOperation|HW_Flag_HasRMWSemantics|HW_Flag_ReturnsPerElementMask|HW_Flag_Scalable|HW_Flag_ZeroingMaskedOperation
Arm64	Sve	CreateFalseMaskByte	HW_Category_SIMD	HW_Flag_Scalable|HW_Flag_SpecialImport
Arm64	Sve	CreateFalseMaskDouble	HW_Category_SIMD	HW_Flag_Scalable|HW_Flag_SpecialImport
Arm64	Sve	CreateFalseMaskInt16	HW_Category_SIMD	HW_Flag_Scalable|HW_Flag_SpecialImport
Arm64	Sve	CreateFalseMaskInt32	HW_Category_SIMD	HW_Flag_Scalable|HW_Flag_SpecialImport
Arm64	Sve	CreateFalseMaskInt64	HW_Category_SIMD	HW_Flag_Scalable|HW_Flag_SpecialImport
Arm64	Sve	CreateFalseMaskSByte	HW_Category_SIMD	HW_Flag_Scalable|HW_Flag_SpecialImport
Arm64	Sve	CreateFalseMaskSingle	HW_Category_SIMD	HW_Flag_Scalable|HW_Flag_SpecialImport
Arm64	Sve	CreateFalseMaskUInt16	HW_Category_SIMD	HW_Flag_Scalable|HW_Flag_SpecialImport
Arm64	Sve	CreateFalseMaskUInt32	HW_Category_SIMD	HW_Flag_Scalable|HW_Flag_SpecialImport
Arm64	Sve	CreateFalseMaskUInt64	HW_Category_SIMD	HW_Flag_Scalable|HW_Flag_SpecialImport
Arm64	Sve	CreateMaskForFirstActiveElement	HW_Category_SIMD	HW_Flag_ExplicitMaskedOperation|HW_Flag_HasRMWSemantics|HW_Flag_ReturnsPerElementMask|HW_Flag_Scalable|HW_Flag_SpecialCodeGen
Arm64	Sve	CreateMaskForNextActiveElement	HW_Category_SIMD	HW_Flag_ExplicitMaskedOperation|HW_Flag_HasRMWSemantics|HW_Flag_ReturnsPerElementMask|HW_Flag_Scalable
Arm64	Sve	CreateTrueMaskByte	HW_Category_SIMD	HW_Flag_HasImmediateOperand|HW_Flag_Scalable|HW_Flag_SpecialImport
Arm64	Sve	CreateTrueMaskDouble	HW_Category_SIMD	HW_Flag_HasImmediateOperand|HW_Flag_Scalable|HW_Flag_SpecialImport
Arm64	Sve	CreateTrueMaskInt16	HW_Category_SIMD	HW_Flag_HasImmediateOperand|HW_Flag_Scalable|HW_Flag_SpecialImport
Arm64	Sve	CreateTrueMaskInt32	HW_Category_SIMD	HW_Flag_HasImmediateOperand|HW_Flag_Scalable|HW_Flag_SpecialImport
Arm64	Sve	CreateTrueMaskInt64	HW_Category_SIMD	HW_Flag_HasImmediateOperand|HW_Flag_Scalable|HW_Flag_SpecialImport
Arm64	Sve	CreateTrueMaskSByte	HW_Category_SIMD	HW_Flag_HasImmediateOperand|HW_Flag_Scalable|HW_Flag_SpecialImport
Arm64	Sve	CreateTrueMaskSingle	HW_Category_SIMD	HW_Flag_HasImmediateOperand|HW_Flag_Scalable|HW_Flag_SpecialImport
Arm64	Sve	CreateTrueMaskUInt16	HW_Category_SIMD	HW_Flag_HasImmediateOperand|HW_Flag_Scalable|HW_Flag_SpecialImport
Arm64	Sve	CreateTrueMaskUInt32	HW_Category_SIMD	HW_Flag_HasImmediateOperand|HW_Flag_Scalable|HW_Flag_SpecialImport
Arm64	Sve	CreateTrueMaskUInt64	HW_Category_SIMD	HW_Flag_HasImmediateOperand|HW_Flag_Scalable|HW_Flag_SpecialImport
Arm64	Sve	CreateWhileLessThanMask16Bit	HW_Category_SIMD	HW_Flag_ReturnsPerElementMask|HW_Flag_Scalable|HW_Flag_SpecialCodeGen
Arm64	Sve	CreateWhileLessThanMask32Bit	HW_Category_SIMD	HW_Flag_ReturnsPerElementMask|HW_Flag_Scalable|HW_Flag_SpecialCodeGen
Arm64	Sve	CreateWhileLessThanMask64Bit	HW_Category_SIMD	HW_Flag_ReturnsPerElementMask|HW_Flag_Scalable|HW_Flag_SpecialCodeGen
Arm64	Sve	CreateWhileLessThanMask8Bit	HW_Category_SIMD	HW_Flag_ReturnsPerElementMask|HW_Flag_Scalable|HW_Flag_SpecialCodeGen
Arm64	Sve	CreateWhileLessThanOrEqualMask16Bit	HW_Category_SIMD	HW_Flag_ReturnsPerElementMask|HW_Flag_Scalable|HW_Flag_SpecialCodeGen
Arm64	Sve	CreateWhileLessThanOrEqualMask32Bit	HW_Category_SIMD	HW_Flag_ReturnsPerElementMask|HW_Flag_Scalable|HW_Flag_SpecialCodeGen
Arm64	Sve	CreateWhileLessThanOrEqualMask64Bit	HW_Category_SIMD	HW_Flag_ReturnsPerElementMask|HW_Flag_Scalable|HW_Flag_SpecialCodeGen
Arm64	Sve	CreateWhileLessThanOrEqualMask8Bit	HW_Category_SIMD	HW_Flag_ReturnsPerElementMask|HW_Flag_Scalable|HW_Flag_SpecialCodeGen
Arm64	Sve	Divide	HW_Category_SIMD	HW_Flag_EmbeddedMaskedOperation|HW_Flag_HasRMWSemantics|HW_Flag_LowMaskedOperation|HW_Flag_Scalable
Arm64	Sve	DotProduct	HW_Category_SIMD	HW_Flag_HasRMWSemantics|HW_Flag_Scalable
Arm64	Sve	DotProductBySelectedScalar	HW_Category_SIMDByIndexedElement	HW_Flag_BaseTypeFromFirstArg|HW_Flag_HasImmediateOperand|HW_Flag_HasRMWSemantics|HW_Flag_LowVectorOperation|HW_Flag_Scalable
Arm64	Sve	DuplicateSelectedScalarToVector	HW_Category_SIMDByIndexedElement	HW_Flag_HasImmediateOperand|HW_Flag_Scalable
Arm64	Sve	ExtractAfterLastActiveElement	HW_Category_SIMD	HW_Flag_ExplicitMaskedOperation|HW_Flag_LowMaskedOperation|HW_Flag_Scalable|HW_Flag_SpecialCodeGen
Arm64	Sve	ExtractAfterLastActiveElementScalar	HW_Category_Scalar	HW_Flag_ExplicitMaskedOperation|HW_Flag_LowMaskedOperation|HW_Flag_Scalable|HW_Flag_SpecialCodeGen|HW_Flag_SpecialImport
Arm64	Sve	ExtractLastActiveElement	HW_Category_SIMD	HW_Flag_ExplicitMaskedOperation|HW_Flag_LowMaskedOperation|HW_Flag_Scalable|HW_Flag_SpecialCodeGen
Arm64	Sve	ExtractLastActiveElementScalar	HW_Category_Scalar	HW_Flag_ExplicitMaskedOperation|HW_Flag_LowMaskedOperation|HW_Flag_Scalable|HW_Flag_SpecialCodeGen|HW_Flag_SpecialImport
Arm64	Sve	ExtractVector	HW_Category_SIMD	HW_Flag_HasImmediateOperand|HW_Flag_HasRMWSemantics|HW_Flag_Scalable|HW_Flag_SpecialCodeGen
Arm64	Sve	FloatingPointExponentialAccelerator	HW_Category_SIMD	HW_Flag_BaseTypeFromFirstArg|HW_Flag_Scalable
Arm64	Sve	FusedMultiplyAdd	HW_Category_SIMD	HW_Flag_EmbeddedMaskedOperation|HW_Flag_FmaIntrinsic|HW_Flag_HasRMWSemantics|HW_Flag_LowMaskedOperation|HW_Flag_Scalable|HW_Flag_SpecialCodeGen
Arm64	Sve	FusedMultiplyAddBySelectedScalar	HW_Category_SIMDByIndexedElement	HW_Flag_FmaIntrinsic|HW_Flag_HasImmediateOperand|HW_Flag_HasRMWSemantics|HW_Flag_LowVectorOperation|HW_Flag_Scalable
Arm64	Sve	FusedMultiplyAddNegated	HW_Category_SIMD	HW_Flag_EmbeddedMaskedOperation|HW_Flag_FmaIntrinsic|HW_Flag_HasRMWSemantics|HW_Flag_LowMaskedOperation|HW_Flag_Scalable|HW_Flag_SpecialCodeGen
Arm64	Sve	FusedMultiplySubtract	HW_Category_SIMD	HW_Flag_EmbeddedMaskedOperation|HW_Flag_FmaIntrinsic|HW_Flag_HasRMWSemantics|HW_Flag_LowMaskedOperation|HW_Flag_Scalable|HW_Flag_SpecialCodeGen
Arm64	Sve	FusedMultiplySubtractBySelectedScalar	HW_Category_SIMDByIndexedElement	HW_Flag_FmaIntrinsic|HW_Flag_HasImmediateOperand|HW_Flag_HasRMWSemantics|HW_Flag_LowVectorOperation|HW_Flag_Scalable
Arm64	Sve	FusedMultiplySubtractNegated	HW_Category_SIMD	HW_Flag_EmbeddedMaskedOperation|HW_Flag_FmaIntrinsic|HW_Flag_HasRMWSemantics|HW_Flag_LowMaskedOperation|HW_Flag_Scalable|HW_Flag_SpecialCodeGen
Arm64	Sve	GatherPrefetch16Bit	HW_Category_Special	HW_Flag_BaseTypeFromFirstArg|HW_Flag_ExplicitMaskedOperation|HW_Flag_HasImmediateOperand|HW_Flag_LowMaskedOperation|HW_Flag_Scalable|HW_Flag_SpecialCodeGen|HW_Flag_SpecialSideEffect_Other
Arm64	Sve	GatherPrefetch32Bit	HW_Category_Special	HW_Flag_BaseTypeFromFirstArg|HW_Flag_ExplicitMaskedOperation|HW_Flag_HasImmediateOperand|HW_Flag_LowMaskedOperation|HW_Flag_Scalable|HW_Flag_SpecialCodeGen|HW_Flag_SpecialSideEffect_Other
Arm64	Sve	GatherPrefetch64Bit	HW_Category_Special	HW_Flag_BaseTypeFromFirstArg|HW_Flag_ExplicitMaskedOperation|HW_Flag_HasImmediateOperand|HW_Flag_LowMaskedOperation|HW_Flag_Scalable|HW_Flag_SpecialCodeGen|HW_Flag_SpecialSideEffect_Other
Arm64	Sve	GatherPrefetch8Bit	HW_Category_Special	HW_Flag_BaseTypeFromFirstArg|HW_Flag_ExplicitMaskedOperation|HW_Flag_HasImmediateOperand|HW_Flag_LowMaskedOperation|HW_Flag_Scalable|HW_Flag_SpecialCodeGen|HW_Flag_SpecialSideEffect_Other
Arm64	Sve	GatherVector	HW_Category_MemoryLoad	HW_Flag_ExplicitMaskedOperation|HW_Flag_LowMaskedOperation|HW_Flag_Scalable|HW_Flag_SpecialCodeGen|HW_Flag_ZeroingMaskedOperation
Arm64	Sve	GatherVectorByteZeroExtend	HW_Category_MemoryLoad	HW_Flag_ExplicitMaskedOperation|HW_Flag_LowMaskedOperation|HW_Flag_Scalable|HW_Flag_SpecialCodeGen|HW_Flag_ZeroingMaskedOperation
Arm64	Sve	GatherVectorByteZeroExtendFirstFaulting	HW_Category_MemoryLoad	HW_Flag_ExplicitMaskedOperation|HW_Flag_LowMaskedOperation|HW_Flag_Scalable|HW_Flag_SpecialCodeGen|HW_Flag_SpecialSideEffect_Other|HW_Flag_ZeroingMaskedOperation
Arm64	Sve	GatherVectorFirstFaulting	HW_Category_MemoryLoad	HW_Flag_ExplicitMaskedOperation|HW_Flag_LowMaskedOperation|HW_Flag_Scalable|HW_Flag_SpecialCodeGen|HW_Flag_SpecialSideEffect_Other|HW_Flag_ZeroingMaskedOperation
Arm64	Sve	GatherVectorInt16SignExtend	HW_Category_MemoryLoad	HW_Flag_ExplicitMaskedOperation|HW_Flag_LowMaskedOperation|HW_Flag_Scalable|HW_Flag_SpecialCodeGen|HW_Flag_ZeroingMaskedOperation
Arm64	Sve	GatherVectorInt16SignExtendFirstFaulting	HW_Category_MemoryLoad	HW_Flag_ExplicitMaskedOperation|HW_Flag_LowMaskedOperation|HW_Flag_Scalable|HW_Flag_SpecialCodeGen|HW_Flag_SpecialSideEffect_Other|HW_Flag_ZeroingMaskedOperation
Arm64	Sve	GatherVectorInt16WithByteOffsetsSignExtend	HW_Category_MemoryLoad	HW_Flag_ExplicitMaskedOperation|HW_Flag_LowMaskedOperation|HW_Flag_Scalable|HW_Flag_SpecialCodeGen|HW_Flag_ZeroingMaskedOperation
Arm64	Sve	GatherVectorInt16WithByteOffsetsSignExtendFirstFaulting	HW_Category_MemoryLoad	HW_Flag_ExplicitMaskedOperation|HW_Flag_LowMaskedOperation|HW_Flag_Scalable|HW_Flag_SpecialCodeGen|HW_Flag_SpecialSideEffect_Other|HW_Flag_ZeroingMaskedOperation
Arm64	Sve	GatherVectorInt32SignExtend	HW_Category_MemoryLoad	HW_Flag_ExplicitMaskedOperation|HW_Flag_LowMaskedOperation|HW_Flag_Scalable|HW_Flag_SpecialCodeGen|HW_Flag_ZeroingMaskedOperation
Arm64	Sve	GatherVectorInt32SignExtendFirstFaulting	HW_Category_MemoryLoad	HW_Flag_ExplicitMaskedOperation|HW_Flag_LowMaskedOperation|HW_Flag_Scalable|HW_Flag_SpecialCodeGen|HW_Flag_SpecialSideEffect_Other|HW_Flag_ZeroingMaskedOperation
Arm64	Sve	GatherVectorInt32WithByteOffsetsSignExtend	HW_Category_MemoryLoad	HW_Flag_ExplicitMaskedOperation|HW_Flag_LowMaskedOperation|HW_Flag_Scalable|HW_Flag_SpecialCodeGen|HW_Flag_ZeroingMaskedOperation
Arm64	Sve	GatherVectorInt32WithByteOffsetsSignExtendFirstFaulting	HW_Category_MemoryLoad	HW_Flag_ExplicitMaskedOperation|HW_Flag_LowMaskedOperation|HW_Flag_Scalable|HW_Flag_SpecialCodeGen|HW_Flag_SpecialSideEffect_Other|HW_Flag_ZeroingMaskedOperation
Arm64	Sve	GatherVectorSByteSignExtend	HW_Category_MemoryLoad	HW_Flag_ExplicitMaskedOperation|HW_Flag_LowMaskedOperation|HW_Flag_Scalable|HW_Flag_SpecialCodeGen|HW_Flag_ZeroingMaskedOperation
Arm64	Sve	GatherVectorSByteSignExtendFirstFaulting	HW_Category_MemoryLoad	HW_Flag_ExplicitMaskedOperation|HW_Flag_LowMaskedOperation|HW_Flag_Scalable|HW_Flag_SpecialCodeGen|HW_Flag_SpecialSideEffect_Other|HW_Flag_ZeroingMaskedOperation
Arm64	Sve	GatherVectorUInt16WithByteOffsetsZeroExtend	HW_Category_MemoryLoad	HW_Flag_ExplicitMaskedOperation|HW_Flag_LowMaskedOperation|HW_Flag_Scalable|HW_Flag_SpecialCodeGen|HW_Flag_ZeroingMaskedOperation
Arm64	Sve	GatherVectorUInt16WithByteOffsetsZeroExtendFirstFaulting	HW_Category_MemoryLoad	HW_Flag_ExplicitMaskedOperation|HW_Flag_LowMaskedOperation|HW_Flag_Scalable|HW_Flag_SpecialCodeGen|HW_Flag_SpecialSideEffect_Other|HW_Flag_ZeroingMaskedOperation
Arm64	Sve	GatherVectorUInt16ZeroExtend	HW_Category_MemoryLoad	HW_Flag_ExplicitMaskedOperation|HW_Flag_LowMaskedOperation|HW_Flag_Scalable|HW_Flag_SpecialCodeGen|HW_Flag_ZeroingMaskedOperation
Arm64	Sve	GatherVectorUInt16ZeroExtendFirstFaulting	HW_Category_MemoryLoad	HW_Flag_ExplicitMaskedOperation|HW_Flag_LowMaskedOperation|HW_Flag_Scalable|HW_Flag_SpecialCodeGen|HW_Flag_SpecialSideEffect_Other|HW_Flag_ZeroingMaskedOperation
Arm64	Sve	GatherVectorUInt32WithByteOffsetsZeroExtend	HW_Category_MemoryLoad	HW_Flag_ExplicitMaskedOperation|HW_Flag_LowMaskedOperation|HW_Flag_Scalable|HW_Flag_SpecialCodeGen|HW_Flag_ZeroingMaskedOperation
Arm64	Sve	GatherVectorUInt32WithByteOffsetsZeroExtendFirstFaulting	HW_Category_MemoryLoad	HW_Flag_ExplicitMaskedOperation|HW_Flag_LowMaskedOperation|HW_Flag_Scalable|HW_Flag_SpecialCodeGen|HW_Flag_SpecialSideEffect_Other|HW_Flag_ZeroingMaskedOperation
Arm64	Sve	GatherVectorUInt32ZeroExtend	HW_Category_MemoryLoad	HW_Flag_ExplicitMaskedOperation|HW_Flag_LowMaskedOperation|HW_Flag_Scalable|HW_Flag_SpecialCodeGen|HW_Flag_ZeroingMaskedOperation
Arm64	Sve	GatherVectorUInt32ZeroExtendFirstFaulting	HW_Category_MemoryLoad	HW_Flag_ExplicitMaskedOperation|HW_Flag_LowMaskedOperation|HW_Flag_Scalable|HW_Flag_SpecialCodeGen|HW_Flag_SpecialSideEffect_Other|HW_Flag_ZeroingMaskedOperation
Arm64	Sve	GatherVectorWithByteOffsetFirstFaulting	HW_Category_MemoryLoad	HW_Flag_ExplicitMaskedOperation|HW_Flag_LowMaskedOperation|HW_Flag_Scalable|HW_Flag_SpecialCodeGen|HW_Flag_SpecialSideEffect_Other|HW_Flag_ZeroingMaskedOperation
Arm64	Sve	GatherVectorWithByteOffsets	HW_Category_MemoryLoad	HW_Flag_ExplicitMaskedOperation|HW_Flag_LowMaskedOperation|HW_Flag_Scalable|HW_Flag_SpecialCodeGen|HW_Flag_ZeroingMaskedOperation
Arm64	Sve	GetActiveElementCount	HW_Category_SIMD	HW_Flag_BaseTypeFromFirstArg|HW_Flag_ExplicitMaskedOperation|HW_Flag_Scalable
Arm64	Sve	GetFfrByte	HW_Category_SIMD	HW_Flag_ReturnsPerElementMask|HW_Flag_Scalable|HW_Flag_SpecialCodeGen|HW_Flag_SpecialSideEffect_Other
Arm64	Sve	GetFfrInt16	HW_Category_SIMD	HW_Flag_ReturnsPerElementMask|HW_Flag_Scalable|HW_Flag_SpecialCodeGen|HW_Flag_SpecialSideEffect_Other
Arm64	Sve	GetFfrInt32	HW_Category_SIMD	HW_Flag_ReturnsPerElementMask|HW_Flag_Scalable|HW_Flag_SpecialCodeGen|HW_Flag_SpecialSideEffect_Other
Arm64	Sve	GetFfrInt64	HW_Category_SIMD	HW_Flag_ReturnsPerElementMask|HW_Flag_Scalable|HW_Flag_SpecialCodeGen|HW_Flag_SpecialSideEffect_Other
Arm64	Sve	GetFfrSByte	HW_Category_SIMD	HW_Flag_ReturnsPerElementMask|HW_Flag_Scalable|HW_Flag_SpecialCodeGen|HW_Flag_SpecialSideEffect_Other
Arm64	Sve	GetFfrUInt16	HW_Category_SIMD	HW_Flag_ReturnsPerElementMask|HW_Flag_Scalable|HW_Flag_SpecialCodeGen|HW_Flag_SpecialSideEffect_Other
Arm64	Sve	GetFfrUInt32	HW_Category_SIMD	HW_Flag_ReturnsPerElementMask|HW_Flag_Scalable|HW_Flag_SpecialCodeGen|HW_Flag_SpecialSideEffect_Other
Arm64	Sve	GetFfrUInt64	HW_Category_SIMD	HW_Flag_ReturnsPerElementMask|HW_Flag_Scalable|HW_Flag_SpecialCodeGen|HW_Flag_SpecialSideEffect_Other
Arm64	Sve	InsertIntoShiftedVector	HW_Category_SIMD	HW_Flag_HasRMWSemantics|HW_Flag_Scalable|HW_Flag_SpecialCodeGen
Arm64	Sve	LeadingSignCount	HW_Category_SIMD	HW_Flag_BaseTypeFromFirstArg|HW_Flag_EmbeddedMaskedOperation|HW_Flag_LowMaskedOperation|HW_Flag_Scalable
Arm64	Sve	LeadingZeroCount	HW_Category_SIMD	HW_Flag_BaseTypeFromFirstArg|HW_Flag_EmbeddedMaskedOperation|HW_Flag_LowMaskedOperation|HW_Flag_Scalable
Arm64	Sve	Load2xVectorAndUnzip	HW_Category_MemoryLoad	HW_Flag_BaseTypeFromFirstArg|HW_Flag_ExplicitMaskedOperation|HW_Flag_LowMaskedOperation|HW_Flag_MultiReg|HW_Flag_NeedsConsecutiveRegisters|HW_Flag_Scalable|HW_Flag_SpecialCodeGen|HW_Flag_SpecialImport
Arm64	Sve	Load3xVectorAndUnzip	HW_Category_MemoryLoad	HW_Flag_BaseTypeFromFirstArg|HW_Flag_ExplicitMaskedOperation|HW_Flag_LowMaskedOperation|HW_Flag_MultiReg|HW_Flag_NeedsConsecutiveRegisters|HW_Flag_Scalable|HW_Flag_SpecialCodeGen|HW_Flag_SpecialImport
Arm64	Sve	Load4xVectorAndUnzip	HW_Category_MemoryLoad	HW_Flag_BaseTypeFromFirstArg|HW_Flag_ExplicitMaskedOperation|HW_Flag_LowMaskedOperation|HW_Flag_MultiReg|HW_Flag_NeedsConsecutiveRegisters|HW_Flag_Scalable|HW_Flag_SpecialCodeGen|HW_Flag_SpecialImport
Arm64	Sve	LoadVector	HW_Category_MemoryLoad	HW_Flag_ExplicitMaskedOperation|HW_Flag_LowMaskedOperation|HW_Flag_Scalable|HW_Flag_ZeroingMaskedOperation
Arm64	Sve	LoadVector128AndReplicateToVector	HW_Category_MemoryLoad	HW_Flag_ExplicitMaskedOperation|HW_Flag_LowMaskedOperation|HW_Flag_Scalable|HW_Flag_ZeroingMaskedOperation
Arm64	Sve	LoadVectorByteNonFaultingZeroExtendToInt16	HW_Category_MemoryLoad	HW_Flag_ExplicitMaskedOperation|HW_Flag_LowMaskedOperation|HW_Flag_Scalable|HW_Flag_SpecialCodeGen|HW_Flag_SpecialSideEffectMask|HW_Flag_ZeroingMaskedOperation
Arm64	Sve	LoadVectorByteNonFaultingZeroExtendToInt32	HW_Category_MemoryLoad	HW_Flag_ExplicitMaskedOperation|HW_Flag_LowMaskedOperation|HW_Flag_Scalable|HW_Flag_SpecialCodeGen|HW_Flag_SpecialSideEffectMask|HW_Flag_ZeroingMaskedOperation
Arm64	Sve	LoadVectorByteNonFaultingZeroExtendToInt64	HW_Category_MemoryLoad	HW_Flag_ExplicitMaskedOperation|HW_Flag_LowMaskedOperation|HW_Flag_Scalable|HW_Flag_SpecialCodeGen|HW_Flag_SpecialSideEffectMask|HW_Flag_ZeroingMaskedOperation
Arm64	Sve	LoadVectorByteNonFaultingZeroExtendToUInt16	HW_Category_MemoryLoad	HW_Flag_ExplicitMaskedOperation|HW_Flag_LowMaskedOperation|HW_Flag_Scalable|HW_Flag_SpecialCodeGen|HW_Flag_SpecialSideEffectMask|HW_Flag_ZeroingMaskedOperation
Arm64	Sve	LoadVectorByteNonFaultingZeroExtendToUInt32	HW_Category_MemoryLoad	HW_Flag_ExplicitMaskedOperation|HW_Flag_LowMaskedOperation|HW_Flag_Scalable|HW_Flag_SpecialCodeGen|HW_Flag_SpecialSideEffectMask|HW_Flag_ZeroingMaskedOperation
Arm64	Sve	LoadVectorByteNonFaultingZeroExtendToUInt64	HW_Category_MemoryLoad	HW_Flag_ExplicitMaskedOperation|HW_Flag_LowMaskedOperation|HW_Flag_Scalable|HW_Flag_SpecialCodeGen|HW_Flag_SpecialSideEffectMask|HW_Flag_ZeroingMaskedOperation
Arm64	Sve	LoadVectorByteZeroExtendFirstFaulting	HW_Category_MemoryLoad	HW_Flag_ExplicitMaskedOperation|HW_Flag_LowMaskedOperation|HW_Flag_Scalable|HW_Flag_SpecialCodeGen|HW_Flag_SpecialSideEffectMask|HW_Flag_ZeroingMaskedOperation
Arm64	Sve	LoadVectorByteZeroExtendToInt16	HW_Category_MemoryLoad	HW_Flag_ExplicitMaskedOperation|HW_Flag_LowMaskedOperation|HW_Flag_Scalable|HW_Flag_ZeroingMaskedOperation
Arm64	Sve	LoadVectorByteZeroExtendToInt32	HW_Category_MemoryLoad	HW_Flag_ExplicitMaskedOperation|HW_Flag_LowMaskedOperation|HW_Flag_Scalable|HW_Flag_ZeroingMaskedOperation
Arm64	Sve	LoadVectorByteZeroExtendToInt64	HW_Category_MemoryLoad	HW_Flag_ExplicitMaskedOperation|HW_Flag_LowMaskedOperation|HW_Flag_Scalable|HW_Flag_ZeroingMaskedOperation
Arm64	Sve	LoadVectorByteZeroExtendToUInt16	HW_Category_MemoryLoad	HW_Flag_ExplicitMaskedOperation|HW_Flag_LowMaskedOperation|HW_Flag_Scalable|HW_Flag_ZeroingMaskedOperation
Arm64	Sve	LoadVectorByteZeroExtendToUInt32	HW_Category_MemoryLoad	HW_Flag_ExplicitMaskedOperation|HW_Flag_LowMaskedOperation|HW_Flag_Scalable|HW_Flag_ZeroingMaskedOperation
Arm64	Sve	LoadVectorByteZeroExtendToUInt64	HW_Category_MemoryLoad	HW_Flag_ExplicitMaskedOperation|HW_Flag_LowMaskedOperation|HW_Flag_Scalable|HW_Flag_ZeroingMaskedOperation
Arm64	Sve	LoadVectorFirstFaulting	HW_Category_MemoryLoad	HW_Flag_ExplicitMaskedOperation|HW_Flag_LowMaskedOperation|HW_Flag_Scalable|HW_Flag_SpecialCodeGen|HW_Flag_SpecialSideEffect_Other|HW_Flag_ZeroingMaskedOperation
Arm64	Sve	LoadVectorInt16NonFaultingSignExtendToInt32	HW_Category_MemoryLoad	HW_Flag_ExplicitMaskedOperation|HW_Flag_LowMaskedOperation|HW_Flag_Scalable|HW_Flag_SpecialCodeGen|HW_Flag_SpecialSideEffectMask|HW_Flag_ZeroingMaskedOperation
Arm64	Sve	LoadVectorInt16NonFaultingSignExtendToInt64	HW_Category_MemoryLoad	HW_Flag_ExplicitMaskedOperation|HW_Flag_LowMaskedOperation|HW_Flag_Scalable|HW_Flag_SpecialCodeGen|HW_Flag_SpecialSideEffectMask|HW_Flag_ZeroingMaskedOperation
Arm64	Sve	LoadVectorInt16NonFaultingSignExtendToUInt32	HW_Category_MemoryLoad	HW_Flag_ExplicitMaskedOperation|HW_Flag_LowMaskedOperation|HW_Flag_Scalable|HW_Flag_SpecialCodeGen|HW_Flag_SpecialSideEffectMask|HW_Flag_ZeroingMaskedOperation
Arm64	Sve	LoadVectorInt16NonFaultingSignExtendToUInt64	HW_Category_MemoryLoad	HW_Flag_ExplicitMaskedOperation|HW_Flag_LowMaskedOperation|HW_Flag_Scalable|HW_Flag_SpecialCodeGen|HW_Flag_SpecialSideEffectMask|HW_Flag_ZeroingMaskedOperation
Arm64	Sve	LoadVectorInt16SignExtendFirstFaulting	HW_Category_MemoryLoad	HW_Flag_ExplicitMaskedOperation|HW_Flag_LowMaskedOperation|HW_Flag_Scalable|HW_Flag_SpecialCodeGen|HW_Flag_SpecialSideEffectMask|HW_Flag_ZeroingMaskedOperation
Arm64	Sve	LoadVectorInt16SignExtendToInt32	HW_Category_MemoryLoad	HW_Flag_ExplicitMaskedOperation|HW_Flag_LowMaskedOperation|HW_Flag_Scalable|HW_Flag_ZeroingMaskedOperation
Arm64	Sve	LoadVectorInt16SignExtendToInt64	HW_Category_MemoryLoad	HW_Flag_ExplicitMaskedOperation|HW_Flag_LowMaskedOperation|HW_Flag_Scalable|HW_Flag_ZeroingMaskedOperation
Arm64	Sve	LoadVectorInt16SignExtendToUInt32	HW_Category_MemoryLoad	HW_Flag_ExplicitMaskedOperation|HW_Flag_LowMaskedOperation|HW_Flag_Scalable|HW_Flag_ZeroingMaskedOperation
Arm64	Sve	LoadVectorInt16SignExtendToUInt64	HW_Category_MemoryLoad	HW_Flag_ExplicitMaskedOperation|HW_Flag_LowMaskedOperation|HW_Flag_Scalable|HW_Flag_ZeroingMaskedOperation
Arm64	Sve	LoadVectorInt32NonFaultingSignExtendToInt64	HW_Category_MemoryLoad	HW_Flag_ExplicitMaskedOperation|HW_Flag_LowMaskedOperation|HW_Flag_Scalable|HW_Flag_SpecialCodeGen|HW_Flag_SpecialSideEffectMask|HW_Flag_ZeroingMaskedOperation
Arm64	Sve	LoadVectorInt32NonFaultingSignExtendToUInt64	HW_Category_MemoryLoad	HW_Flag_ExplicitMaskedOperation|HW_Flag_LowMaskedOperation|HW_Flag_Scalable|HW_Flag_SpecialCodeGen|HW_Flag_SpecialSideEffectMask|HW_Flag_ZeroingMaskedOperation
Arm64	Sve	LoadVectorInt32SignExtendFirstFaulting	HW_Category_MemoryLoad	HW_Flag_ExplicitMaskedOperation|HW_Flag_LowMaskedOperation|HW_Flag_Scalable|HW_Flag_SpecialCodeGen|HW_Flag_SpecialSideEffectMask|HW_Flag_ZeroingMaskedOperation
Arm64	Sve	LoadVectorInt32SignExtendToInt64	HW_Category_MemoryLoad	HW_Flag_ExplicitMaskedOperation|HW_Flag_LowMaskedOperation|HW_Flag_Scalable|HW_Flag_ZeroingMaskedOperation
Arm64	Sve	LoadVectorInt32SignExtendToUInt64	HW_Category_MemoryLoad	HW_Flag_ExplicitMaskedOperation|HW_Flag_LowMaskedOperation|HW_Flag_Scalable|HW_Flag_ZeroingMaskedOperation
Arm64	Sve	LoadVectorNonFaulting	HW_Category_MemoryLoad	HW_Flag_ExplicitMaskedOperation|HW_Flag_LowMaskedOperation|HW_Flag_Scalable|HW_Flag_SpecialCodeGen|HW_Flag_SpecialSideEffectMask|HW_Flag_ZeroingMaskedOperation
Arm64	Sve	LoadVectorNonTemporal	HW_Category_MemoryLoad	HW_Flag_ExplicitMaskedOperation|HW_Flag_LowMaskedOperation|HW_Flag_Scalable|HW_Flag_ZeroingMaskedOperation
Arm64	Sve	LoadVectorSByteNonFaultingSignExtendToInt16	HW_Category_MemoryLoad	HW_Flag_ExplicitMaskedOperation|HW_Flag_LowMaskedOperation|HW_Flag_Scalable|HW_Flag_SpecialCodeGen|HW_Flag_SpecialSideEffectMask|HW_Flag_ZeroingMaskedOperation
Arm64	Sve	LoadVectorSByteNonFaultingSignExtendToInt32	HW_Category_MemoryLoad	HW_Flag_ExplicitMaskedOperation|HW_Flag_LowMaskedOperation|HW_Flag_Scalable|HW_Flag_SpecialCodeGen|HW_Flag_SpecialSideEffectMask|HW_Flag_ZeroingMaskedOperation
Arm64	Sve	LoadVectorSByteNonFaultingSignExtendToInt64	HW_Category_MemoryLoad	HW_Flag_ExplicitMaskedOperation|HW_Flag_LowMaskedOperation|HW_Flag_Scalable|HW_Flag_SpecialCodeGen|HW_Flag_SpecialSideEffectMask|HW_Flag_ZeroingMaskedOperation
Arm64	Sve	LoadVectorSByteNonFaultingSignExtendToUInt16	HW_Category_MemoryLoad	HW_Flag_ExplicitMaskedOperation|HW_Flag_LowMaskedOperation|HW_Flag_Scalable|HW_Flag_SpecialCodeGen|HW_Flag_SpecialSideEffectMask|HW_Flag_ZeroingMaskedOperation
Arm64	Sve	LoadVectorSByteNonFaultingSignExtendToUInt32	HW_Category_MemoryLoad	HW_Flag_ExplicitMaskedOperation|HW_Flag_LowMaskedOperation|HW_Flag_Scalable|HW_Flag_SpecialCodeGen|HW_Flag_SpecialSideEffectMask|HW_Flag_ZeroingMaskedOperation
Arm64	Sve	LoadVectorSByteNonFaultingSignExtendToUInt64	HW_Category_MemoryLoad	HW_Flag_ExplicitMaskedOperation|HW_Flag_LowMaskedOperation|HW_Flag_Scalable|HW_Flag_SpecialCodeGen|HW_Flag_SpecialSideEffectMask|HW_Flag_ZeroingMaskedOperation
Arm64	Sve	LoadVectorSByteSignExtendFirstFaulting	HW_Category_MemoryLoad	HW_Flag_ExplicitMaskedOperation|HW_Flag_LowMaskedOperation|HW_Flag_Scalable|HW_Flag_SpecialCodeGen|HW_Flag_SpecialSideEffectMask|HW_Flag_ZeroingMaskedOperation
Arm64	Sve	LoadVectorSByteSignExtendToInt16	HW_Category_MemoryLoad	HW_Flag_ExplicitMaskedOperation|HW_Flag_LowMaskedOperation|HW_Flag_Scalable|HW_Flag_ZeroingMaskedOperation
Arm64	Sve	LoadVectorSByteSignExtendToInt32	HW_Category_MemoryLoad	HW_Flag_ExplicitMaskedOperation|HW_Flag_LowMaskedOperation|HW_Flag_Scalable|HW_Flag_ZeroingMaskedOperation
Arm64	Sve	LoadVectorSByteSignExtendToInt64	HW_Category_MemoryLoad	HW_Flag_ExplicitMaskedOperation|HW_Flag_LowMaskedOperation|HW_Flag_Scalable|HW_Flag_ZeroingMaskedOperation
Arm64	Sve	LoadVectorSByteSignExtendToUInt16	HW_Category_MemoryLoad	HW_Flag_ExplicitMaskedOperation|HW_Flag_LowMaskedOperation|HW_Flag_Scalable|HW_Flag_ZeroingMaskedOperation
Arm64	Sve	LoadVectorSByteSignExtendToUInt32	HW_Category_MemoryLoad	HW_Flag_ExplicitMaskedOperation|HW_Flag_LowMaskedOperation|HW_Flag_Scalable|HW_Flag_ZeroingMaskedOperation
Arm64	Sve	LoadVectorSByteSignExtendToUInt64	HW_Category_MemoryLoad	HW_Flag_ExplicitMaskedOperation|HW_Flag_LowMaskedOperation|HW_Flag_Scalable|HW_Flag_ZeroingMaskedOperation
Arm64	Sve	LoadVectorUInt16NonFaultingZeroExtendToInt32	HW_Category_MemoryLoad	HW_Flag_ExplicitMaskedOperation|HW_Flag_LowMaskedOperation|HW_Flag_Scalable|HW_Flag_SpecialCodeGen|HW_Flag_SpecialSideEffectMask|HW_Flag_ZeroingMaskedOperation
Arm64	Sve	LoadVectorUInt16NonFaultingZeroExtendToInt64	HW_Category_MemoryLoad	HW_Flag_ExplicitMaskedOperation|HW_Flag_LowMaskedOperation|HW_Flag_Scalable|HW_Flag_SpecialCodeGen|HW_Flag_SpecialSideEffectMask|HW_Flag_ZeroingMaskedOperation
Arm64	Sve	LoadVectorUInt16NonFaultingZeroExtendToUInt32	HW_Category_MemoryLoad	HW_Flag_ExplicitMaskedOperation|HW_Flag_LowMaskedOperation|HW_Flag_Scalable|HW_Flag_SpecialCodeGen|HW_Flag_SpecialSideEffectMask|HW_Flag_ZeroingMaskedOperation
Arm64	Sve	LoadVectorUInt16NonFaultingZeroExtendToUInt64	HW_Category_MemoryLoad	HW_Flag_ExplicitMaskedOperation|HW_Flag_LowMaskedOperation|HW_Flag_Scalable|HW_Flag_SpecialCodeGen|HW_Flag_SpecialSideEffectMask|HW_Flag_ZeroingMaskedOperation
Arm64	Sve	LoadVectorUInt16ZeroExtendFirstFaulting	HW_Category_MemoryLoad	HW_Flag_ExplicitMaskedOperation|HW_Flag_LowMaskedOperation|HW_Flag_Scalable|HW_Flag_SpecialCodeGen|HW_Flag_SpecialSideEffectMask|HW_Flag_ZeroingMaskedOperation
Arm64	Sve	LoadVectorUInt16ZeroExtendToInt32	HW_Category_MemoryLoad	HW_Flag_ExplicitMaskedOperation|HW_Flag_LowMaskedOperation|HW_Flag_Scalable|HW_Flag_ZeroingMaskedOperation
Arm64	Sve	LoadVectorUInt16ZeroExtendToInt64	HW_Category_MemoryLoad	HW_Flag_ExplicitMaskedOperation|HW_Flag_LowMaskedOperation|HW_Flag_Scalable|HW_Flag_ZeroingMaskedOperation
Arm64	Sve	LoadVectorUInt16ZeroExtendToUInt32	HW_Category_MemoryLoad	HW_Flag_ExplicitMaskedOperation|HW_Flag_LowMaskedOperation|HW_Flag_Scalable|HW_Flag_ZeroingMaskedOperation
Arm64	Sve	LoadVectorUInt16ZeroExtendToUInt64	HW_Category_MemoryLoad	HW_Flag_ExplicitMaskedOperation|HW_Flag_LowMaskedOperation|HW_Flag_Scalable|HW_Flag_ZeroingMaskedOperation
Arm64	Sve	LoadVectorUInt32NonFaultingZeroExtendToInt64	HW_Category_MemoryLoad	HW_Flag_ExplicitMaskedOperation|HW_Flag_LowMaskedOperation|HW_Flag_Scalable|HW_Flag_SpecialCodeGen|HW_Flag_SpecialSideEffectMask|HW_Flag_ZeroingMaskedOperation
Arm64	Sve	LoadVectorUInt32NonFaultingZeroExtendToUInt64	HW_Category_MemoryLoad	HW_Flag_ExplicitMaskedOperation|HW_Flag_LowMaskedOperation|HW_Flag_Scalable|HW_Flag_SpecialCodeGen|HW_Flag_SpecialSideEffectMask|HW_Flag_ZeroingMaskedOperation
Arm64	Sve	LoadVectorUInt32ZeroExtendFirstFaulting	HW_Category_MemoryLoad	HW_Flag_ExplicitMaskedOperation|HW_Flag_LowMaskedOperation|HW_Flag_Scalable|HW_Flag_SpecialCodeGen|HW_Flag_SpecialSideEffectMask|HW_Flag_ZeroingMaskedOperation
Arm64	Sve	LoadVectorUInt32ZeroExtendToInt64	HW_Category_MemoryLoad	HW_Flag_ExplicitMaskedOperation|HW_Flag_LowMaskedOperation|HW_Flag_Scalable|HW_Flag_ZeroingMaskedOperation
Arm64	Sve	LoadVectorUInt32ZeroExtendToUInt64	HW_Category_MemoryLoad	HW_Flag_ExplicitMaskedOperation|HW_Flag_LowMaskedOperation|HW_Flag_Scalable|HW_Flag_ZeroingMaskedOperation
Arm64	Sve	Max	HW_Category_SIMD	HW_Flag_EmbeddedMaskedOperation|HW_Flag_HasRMWSemantics|HW_Flag_LowMaskedOperation|HW_Flag_Scalable
Arm64	Sve	MaxAcross	HW_Category_SIMD	HW_Flag_EmbeddedMaskedOperation|HW_Flag_LowMaskedOperation|HW_Flag_ReduceOperation|HW_Flag_Scalable
Arm64	Sve	MaxNumber	HW_Category_SIMD	HW_Flag_EmbeddedMaskedOperation|HW_Flag_HasRMWSemantics|HW_Flag_LowMaskedOperation|HW_Flag_Scalable
Arm64	Sve	MaxNumberAcross	HW_Category_SIMD	HW_Flag_EmbeddedMaskedOperation|HW_Flag_LowMaskedOperation|HW_Flag_ReduceOperation|HW_Flag_Scalable
Arm64	Sve	Min	HW_Category_SIMD	HW_Flag_EmbeddedMaskedOperation|HW_Flag_HasRMWSemantics|HW_Flag_LowMaskedOperation|HW_Flag_Scalable
Arm64	Sve	MinAcross	HW_Category_SIMD	HW_Flag_EmbeddedMaskedOperation|HW_Flag_LowMaskedOperation|HW_Flag_ReduceOperation|HW_Flag_Scalable
Arm64	Sve	MinNumber	HW_Category_SIMD	HW_Flag_EmbeddedMaskedOperation|HW_Flag_HasRMWSemantics|HW_Flag_LowMaskedOperation|HW_Flag_Scalable
Arm64	Sve	MinNumberAcross	HW_Category_SIMD	HW_Flag_EmbeddedMaskedOperation|HW_Flag_LowMaskedOperation|HW_Flag_ReduceOperation|HW_Flag_Scalable
Arm64	Sve	Multiply	HW_Category_SIMD	HW_Flag_EmbeddedMaskedOperation|HW_Flag_HasRMWSemantics|HW_Flag_LowMaskedOperation|HW_Flag_Scalable
Arm64	Sve	MultiplyAdd	HW_Category_SIMD	HW_Flag_EmbeddedMaskedOperation|HW_Flag_FmaIntrinsic|HW_Flag_HasRMWSemantics|HW_Flag_LowMaskedOperation|HW_Flag_Scalable|HW_Flag_SpecialCodeGen
Arm64	Sve	MultiplyAddRotateComplex	HW_Category_SIMD	HW_Flag_EmbeddedMaskedOperation|HW_Flag_HasImmediateOperand|HW_Flag_HasRMWSemantics|HW_Flag_LowMaskedOperation|HW_Flag_Scalable
Arm64	Sve	MultiplyAddRotateComplexBySelectedScalar	HW_Category_SIMD	HW_Flag_HasImmediateOperand|HW_Flag_HasRMWSemantics|HW_Flag_LowVectorOperation|HW_Flag_Scalable|HW_Flag_SpecialCodeGen|HW_Flag_SpecialImport
Arm64	Sve	MultiplyBySelectedScalar	HW_Category_SIMDByIndexedElement	HW_Flag_HasImmediateOperand|HW_Flag_LowVectorOperation|HW_Flag_Scalable
Arm64	Sve	MultiplyExtended	HW_Category_SIMD	HW_Flag_EmbeddedMaskedOperation|HW_Flag_HasRMWSemantics|HW_Flag_LowMaskedOperation|HW_Flag_Scalable
Arm64	Sve	MultiplySubtract	HW_Category_SIMD	HW_Flag_EmbeddedMaskedOperation|HW_Flag_FmaIntrinsic|HW_Flag_HasRMWSemantics|HW_Flag_LowMaskedOperation|HW_Flag_Scalable|HW_Flag_SpecialCodeGen
Arm64	Sve	Negate	HW_Category_SIMD	HW_Flag_EmbeddedMaskedOperation|HW_Flag_LowMaskedOperation|HW_Flag_Scalable
Arm64	Sve	Not	HW_Category_SIMD	HW_Flag_EmbeddedMaskedOperation|HW_Flag_Scalable
Arm64	Sve	Or	HW_Category_SIMD	HW_Flag_HasAllMaskVariant|HW_Flag_HasRMWSemantics|HW_Flag_LowMaskedOperation|HW_Flag_OptionalEmbeddedMaskedOperation|HW_Flag_Scalable
Arm64	Sve	OrAcross	HW_Category_SIMD	HW_Flag_EmbeddedMaskedOperation|HW_Flag_LowMaskedOperation|HW_Flag_ReduceOperation|HW_Flag_Scalable
Arm64	Sve	Or_Predicates	HW_Category_SIMD	HW_Flag_EmbeddedMaskedOperation|HW_Flag_ReturnsPerElementMask|HW_Flag_Scalable|HW_Flag_SpecialCodeGen
Arm64	Sve	PopCount	HW_Category_SIMD	HW_Flag_BaseTypeFromFirstArg|HW_Flag_EmbeddedMaskedOperation|HW_Flag_LowMaskedOperation|HW_Flag_Scalable
Arm64	Sve	Prefetch16Bit	HW_Category_Special	HW_Flag_BaseTypeFromFirstArg|HW_Flag_ExplicitMaskedOperation|HW_Flag_HasImmediateOperand|HW_Flag_LowMaskedOperation|HW_Flag_Scalable|HW_Flag_SpecialCodeGen|HW_Flag_SpecialSideEffect_Other
Arm64	Sve	Prefetch32Bit	HW_Category_Special	HW_Flag_BaseTypeFromFirstArg|HW_Flag_ExplicitMaskedOperation|HW_Flag_HasImmediateOperand|HW_Flag_LowMaskedOperation|HW_Flag_Scalable|HW_Flag_SpecialCodeGen|HW_Flag_SpecialSideEffect_Other
Arm64	Sve	Prefetch64Bit	HW_Category_Special	HW_Flag_BaseTypeFromFirstArg|HW_Flag_ExplicitMaskedOperation|HW_Flag_HasImmediateOperand|HW_Flag_LowMaskedOperation|HW_Flag_Scalable|HW_Flag_SpecialCodeGen|HW_Flag_SpecialSideEffect_Other
Arm64	Sve	Prefetch8Bit	HW_Category_Special	HW_Flag_BaseTypeFromFirstArg|HW_Flag_ExplicitMaskedOperation|HW_Flag_HasImmediateOperand|HW_Flag_LowMaskedOperation|HW_Flag_Scalable|HW_Flag_SpecialCodeGen|HW_Flag_SpecialSideEffect_Other
Arm64	Sve	ReciprocalEstimate	HW_Category_SIMD	HW_Flag_Scalable
Arm64	Sve	ReciprocalExponent	HW_Category_SIMD	HW_Flag_EmbeddedMaskedOperation|HW_Flag_LowMaskedOperation|HW_Flag_Scalable
Arm64	Sve	ReciprocalSqrtEstimate	HW_Category_SIMD	HW_Flag_Scalable
Arm64	Sve	ReciprocalSqrtStep	HW_Category_SIMD	HW_Flag_Scalable
Arm64	Sve	ReciprocalStep	HW_Category_SIMD	HW_Flag_Scalable
Arm64	Sve	ReverseBits	HW_Category_SIMD	HW_Flag_EmbeddedMaskedOperation|HW_Flag_LowMaskedOperation|HW_Flag_Scalable
Arm64	Sve	ReverseElement	HW_Category_SIMD	HW_Flag_HasAllMaskVariant|HW_Flag_Scalable|HW_Flag_SpecialCodeGen
Arm64	Sve	ReverseElement16	HW_Category_SIMD	HW_Flag_EmbeddedMaskedOperation|HW_Flag_LowMaskedOperation|HW_Flag_Scalable
Arm64	Sve	ReverseElement32	HW_Category_SIMD	HW_Flag_EmbeddedMaskedOperation|HW_Flag_LowMaskedOperation|HW_Flag_Scalable
Arm64	Sve	ReverseElement8	HW_Category_SIMD	HW_Flag_EmbeddedMaskedOperation|HW_Flag_LowMaskedOperation|HW_Flag_Scalable
Arm64	Sve	ReverseElement_Predicates	HW_Category_SIMD	HW_Flag_ReturnsPerElementMask|HW_Flag_Scalable
Arm64	Sve	RoundAwayFromZero	HW_Category_SIMD	HW_Flag_EmbeddedMaskedOperation|HW_Flag_LowMaskedOperation|HW_Flag_Scalable
Arm64	Sve	RoundToNearest	HW_Category_SIMD	HW_Flag_EmbeddedMaskedOperation|HW_Flag_LowMaskedOperation|HW_Flag_Scalable
Arm64	Sve	RoundToNegativeInfinity	HW_Category_SIMD	HW_Flag_EmbeddedMaskedOperation|HW_Flag_LowMaskedOperation|HW_Flag_Scalable
Arm64	Sve	RoundToPositiveInfinity	HW_Category_SIMD	HW_Flag_EmbeddedMaskedOperation|HW_Flag_LowMaskedOperation|HW_Flag_Scalable
Arm64	Sve	RoundToZero	HW_Category_SIMD	HW_Flag_EmbeddedMaskedOperation|HW_Flag_LowMaskedOperation|HW_Flag_Scalable
Arm64	Sve	SaturatingDecrementBy16BitElementCount	HW_Category_SIMD	HW_Flag_HasImmediateOperand|HW_Flag_HasRMWSemantics|HW_Flag_HasScalarInputVariant|HW_Flag_Scalable|HW_Flag_SpecialCodeGen|HW_Flag_SpecialImport
Arm64	Sve	SaturatingDecrementBy16BitElementCountScalar	HW_Category_Scalar	HW_Flag_HasImmediateOperand|HW_Flag_HasRMWSemantics|HW_Flag_Scalable|HW_Flag_SpecialCodeGen|HW_Flag_SpecialImport
Arm64	Sve	SaturatingDecrementBy32BitElementCount	HW_Category_SIMD	HW_Flag_HasImmediateOperand|HW_Flag_HasRMWSemantics|HW_Flag_HasScalarInputVariant|HW_Flag_Scalable|HW_Flag_SpecialCodeGen|HW_Flag_SpecialImport
Arm64	Sve	SaturatingDecrementBy32BitElementCountScalar	HW_Category_Scalar	HW_Flag_HasImmediateOperand|HW_Flag_HasRMWSemantics|HW_Flag_Scalable|HW_Flag_SpecialCodeGen|HW_Flag_SpecialImport
Arm64	Sve	SaturatingDecrementBy64BitElementCount	HW_Category_SIMD	HW_Flag_HasImmediateOperand|HW_Flag_HasRMWSemantics|HW_Flag_HasScalarInputVariant|HW_Flag_Scalable|HW_Flag_SpecialCodeGen|HW_Flag_SpecialImport
Arm64	Sve	SaturatingDecrementBy64BitElementCountScalar	HW_Category_Scalar	HW_Flag_HasImmediateOperand|HW_Flag_HasRMWSemantics|HW_Flag_Scalable|HW_Flag_SpecialCodeGen|HW_Flag_SpecialImport
Arm64	Sve	SaturatingDecrementBy8BitElementCount	HW_Category_Scalar	HW_Flag_HasImmediateOperand|HW_Flag_HasRMWSemantics|HW_Flag_Scalable|HW_Flag_SpecialCodeGen|HW_Flag_SpecialImport
Arm64	Sve	SaturatingDecrementByActiveElementCount	HW_Category_SIMD	HW_Flag_BaseTypeFromSecondArg|HW_Flag_HasRMWSemantics|HW_Flag_Scalable|HW_Flag_SpecialCodeGen|HW_Flag_SpecialImport
Arm64	Sve	SaturatingIncrementBy16BitElementCount	HW_Category_SIMD	HW_Flag_HasImmediateOperand|HW_Flag_HasRMWSemantics|HW_Flag_HasScalarInputVariant|HW_Flag_Scalable|HW_Flag_SpecialCodeGen|HW_Flag_SpecialImport
Arm64	Sve	SaturatingIncrementBy16BitElementCountScalar	HW_Category_Scalar	HW_Flag_HasImmediateOperand|HW_Flag_HasRMWSemantics|HW_Flag_Scalable|HW_Flag_SpecialCodeGen|HW_Flag_SpecialImport
Arm64	Sve	SaturatingIncrementBy32BitElementCount	HW_Category_SIMD	HW_Flag_HasImmediateOperand|HW_Flag_HasRMWSemantics|HW_Flag_HasScalarInputVariant|HW_Flag_Scalable|HW_Flag_SpecialCodeGen|HW_Flag_SpecialImport
Arm64	Sve	SaturatingIncrementBy32BitElementCountScalar	HW_Category_Scalar	HW_Flag_HasImmediateOperand|HW_Flag_HasRMWSemantics|HW_Flag_Scalable|HW_Flag_SpecialCodeGen|HW_Flag_SpecialImport
Arm64	Sve	SaturatingIncrementBy64BitElementCount	HW_Category_SIMD	HW_Flag_HasImmediateOperand|HW_Flag_HasRMWSemantics|HW_Flag_HasScalarInputVariant|HW_Flag_Scalable|HW_Flag_SpecialCodeGen|HW_Flag_SpecialImport
Arm64	Sve	SaturatingIncrementBy64BitElementCountScalar	HW_Category_Scalar	HW_Flag_HasImmediateOperand|HW_Flag_HasRMWSemantics|HW_Flag_Scalable|HW_Flag_SpecialCodeGen|HW_Flag_SpecialImport
Arm64	Sve	SaturatingIncrementBy8BitElementCount	HW_Category_Scalar	HW_Flag_HasImmediateOperand|HW_Flag_HasRMWSemantics|HW_Flag_Scalable|HW_Flag_SpecialCodeGen|HW_Flag_SpecialImport
Arm64	Sve	SaturatingIncrementByActiveElementCount	HW_Category_SIMD	HW_Flag_BaseTypeFromSecondArg|HW_Flag_HasRMWSemantics|HW_Flag_Scalable|HW_Flag_SpecialCodeGen|HW_Flag_SpecialImport
Arm64	Sve	Scale	HW_Category_SIMD	HW_Flag_BaseTypeFromFirstArg|HW_Flag_EmbeddedMaskedOperation|HW_Flag_HasRMWSemantics|HW_Flag_LowMaskedOperation|HW_Flag_Scalable
Arm64	Sve	Scatter	HW_Category_MemoryStore	HW_Flag_BaseTypeFromFirstArg|HW_Flag_ExplicitMaskedOperation|HW_Flag_LowMaskedOperation|HW_Flag_Scalable|HW_Flag_SpecialCodeGen
Arm64	Sve	Scatter16BitNarrowing	HW_Category_MemoryStore	HW_Flag_BaseTypeFromFirstArg|HW_Flag_ExplicitMaskedOperation|HW_Flag_LowMaskedOperation|HW_Flag_Scalable|HW_Flag_SpecialCodeGen
Arm64	Sve	Scatter16BitWithByteOffsetsNarrowing	HW_Category_MemoryStore	HW_Flag_BaseTypeFromFirstArg|HW_Flag_ExplicitMaskedOperation|HW_Flag_LowMaskedOperation|HW_Flag_Scalable|HW_Flag_SpecialCodeGen
Arm64	Sve	Scatter32BitNarrowing	HW_Category_MemoryStore	HW_Flag_BaseTypeFromFirstArg|HW_Flag_ExplicitMaskedOperation|HW_Flag_LowMaskedOperation|HW_Flag_Scalable|HW_Flag_SpecialCodeGen
Arm64	Sve	Scatter32BitWithByteOffsetsNarrowing	HW_Category_MemoryStore	HW_Flag_BaseTypeFromFirstArg|HW_Flag_ExplicitMaskedOperation|HW_Flag_LowMaskedOperation|HW_Flag_Scalable|HW_Flag_SpecialCodeGen
Arm64	Sve	Scatter8BitNarrowing	HW_Category_MemoryStore	HW_Flag_BaseTypeFromFirstArg|HW_Flag_ExplicitMaskedOperation|HW_Flag_LowMaskedOperation|HW_Flag_Scalable|HW_Flag_SpecialCodeGen
Arm64	Sve	Scatter8BitWithByteOffsetsNarrowing	HW_Category_MemoryStore	HW_Flag_BaseTypeFromFirstArg|HW_Flag_ExplicitMaskedOperation|HW_Flag_LowMaskedOperation|HW_Flag_Scalable|HW_Flag_SpecialCodeGen
Arm64	Sve	ScatterWithByteOffsets	HW_Category_MemoryStore	HW_Flag_BaseTypeFromFirstArg|HW_Flag_ExplicitMaskedOperation|HW_Flag_LowMaskedOperation|HW_Flag_Scalable|HW_Flag_SpecialCodeGen
Arm64	Sve	SetFfr	HW_Category_SIMD	HW_Flag_BaseTypeFromFirstArg|HW_Flag_ExplicitMaskedOperation|HW_Flag_Scalable|HW_Flag_SpecialCodeGen|HW_Flag_SpecialSideEffect_Other
Arm64	Sve	ShiftLeftLogical	HW_Category_SIMD	HW_Flag_BaseTypeFromFirstArg|HW_Flag_EmbeddedMaskedOperation|HW_Flag_HasRMWSemantics|HW_Flag_LowMaskedOperation|HW_Flag_Scalable
Arm64	Sve	ShiftRightArithmetic	HW_Category_SIMD	HW_Flag_BaseTypeFromFirstArg|HW_Flag_EmbeddedMaskedOperation|HW_Flag_HasRMWSemantics|HW_Flag_LowMaskedOperation|HW_Flag_Scalable
Arm64	Sve	ShiftRightArithmeticForDivide	HW_Category_ShiftRightByImmediate	HW_Flag_EmbeddedMaskedOperation|HW_Flag_HasImmediateOperand|HW_Flag_HasRMWSemantics|HW_Flag_LowMaskedOperation|HW_Flag_Scalable
Arm64	Sve	ShiftRightLogical	HW_Category_SIMD	HW_Flag_BaseTypeFromFirstArg|HW_Flag_EmbeddedMaskedOperation|HW_Flag_HasRMWSemantics|HW_Flag_LowMaskedOperation|HW_Flag_Scalable
Arm64	Sve	SignExtend16	HW_Category_SIMD	HW_Flag_EmbeddedMaskedOperation|HW_Flag_LowMaskedOperation|HW_Flag_Scalable
Arm64	Sve	SignExtend32	HW_Category_SIMD	HW_Flag_EmbeddedMaskedOperation|HW_Flag_LowMaskedOperation|HW_Flag_Scalable
Arm64	Sve	SignExtend8	HW_Category_SIMD	HW_Flag_EmbeddedMaskedOperation|HW_Flag_LowMaskedOperation|HW_Flag_Scalable
Arm64	Sve	SignExtendWideningLower	HW_Category_SIMD	HW_Flag_BaseTypeFromFirstArg|HW_Flag_Scalable
Arm64	Sve	SignExtendWideningUpper	HW_Category_SIMD	HW_Flag_BaseTypeFromFirstArg|HW_Flag_Scalable
Arm64	Sve	Splice	HW_Category_SIMD	HW_Flag_ExplicitMaskedOperation|HW_Flag_HasRMWSemantics|HW_Flag_LowMaskedOperation|HW_Flag_Scalable
Arm64	Sve	Sqrt	HW_Category_SIMD	HW_Flag_EmbeddedMaskedOperation|HW_Flag_LowMaskedOperation|HW_Flag_Scalable
Arm64	Sve	StoreAndZip	HW_Category_MemoryStore	HW_Flag_BaseTypeFromFirstArg|HW_Flag_ExplicitMaskedOperation|HW_Flag_LowMaskedOperation|HW_Flag_Scalable|HW_Flag_SpecialCodeGen|HW_Flag_SpecialImport
Arm64	Sve	StoreAndZipx2	HW_Category_MemoryStore	HW_Flag_ExplicitMaskedOperation|HW_Flag_LowMaskedOperation|HW_Flag_NeedsConsecutiveRegisters|HW_Flag_Scalable|HW_Flag_SpecialCodeGen
Arm64	Sve	StoreAndZipx3	HW_Category_MemoryStore	HW_Flag_ExplicitMaskedOperation|HW_Flag_LowMaskedOperation|HW_Flag_NeedsConsecutiveRegisters|HW_Flag_Scalable|HW_Flag_SpecialCodeGen
Arm64	Sve	StoreAndZipx4	HW_Category_MemoryStore	HW_Flag_ExplicitMaskedOperation|HW_Flag_LowMaskedOperation|HW_Flag_NeedsConsecutiveRegisters|HW_Flag_Scalable|HW_Flag_SpecialCodeGen
Arm64	Sve	StoreNarrowing	HW_Category_MemoryStore	HW_Flag_BaseTypeFromFirstArg|HW_Flag_ExplicitMaskedOperation|HW_Flag_LowMaskedOperation|HW_Flag_Scalable|HW_Flag_SpecialCodeGen|HW_Flag_SpecialImport
Arm64	Sve	StoreNonTemporal	HW_Category_MemoryStore	HW_Flag_BaseTypeFromFirstArg|HW_Flag_ExplicitMaskedOperation|HW_Flag_LowMaskedOperation|HW_Flag_Scalable|HW_Flag_SpecialCodeGen
Arm64	Sve	Subtract	HW_Category_SIMD	HW_Flag_HasRMWSemantics|HW_Flag_LowMaskedOperation|HW_Flag_OptionalEmbeddedMaskedOperation|HW_Flag_Scalable
Arm64	Sve	SubtractSaturate	HW_Category_SIMD	HW_Flag_Scalable
Arm64	Sve	TestAnyTrue	HW_Category_SIMD	HW_Flag_BaseTypeFromFirstArg|HW_Flag_ExplicitMaskedOperation|HW_Flag_LowMaskedOperation|HW_Flag_Scalable|HW_Flag_SpecialCodeGen
Arm64	Sve	TestFirstTrue	HW_Category_SIMD	HW_Flag_BaseTypeFromFirstArg|HW_Flag_ExplicitMaskedOperation|HW_Flag_LowMaskedOperation|HW_Flag_Scalable|HW_Flag_SpecialCodeGen
Arm64	Sve	TestLastTrue	HW_Category_SIMD	HW_Flag_BaseTypeFromFirstArg|HW_Flag_ExplicitMaskedOperation|HW_Flag_LowMaskedOperation|HW_Flag_Scalable|HW_Flag_SpecialCodeGen
Arm64	Sve	TransposeEven	HW_Category_SIMD	HW_Flag_HasAllMaskVariant|HW_Flag_Scalable|HW_Flag_SpecialCodeGen
Arm64	Sve	TransposeEven_Predicates	HW_Category_SIMD	HW_Flag_ReturnsPerElementMask|HW_Flag_Scalable
Arm64	Sve	TransposeOdd	HW_Category_SIMD	HW_Flag_HasAllMaskVariant|HW_Flag_Scalable|HW_Flag_SpecialCodeGen
Arm64	Sve	TransposeOdd_Predicates	HW_Category_SIMD	HW_Flag_ReturnsPerElementMask|HW_Flag_Scalable
Arm64	Sve	TrigonometricMultiplyAddCoefficient	HW_Category_SIMD	HW_Flag_HasImmediateOperand|HW_Flag_HasRMWSemantics|HW_Flag_Scalable|HW_Flag_SpecialCodeGen
Arm64	Sve	TrigonometricSelectCoefficient	HW_Category_SIMD	HW_Flag_BaseTypeFromFirstArg|HW_Flag_Scalable
Arm64	Sve	TrigonometricStartingValue	HW_Category_SIMD	HW_Flag_BaseTypeFromFirstArg|HW_Flag_Scalable
Arm64	Sve	UnzipEven	HW_Category_SIMD	HW_Flag_HasAllMaskVariant|HW_Flag_Scalable|HW_Flag_SpecialCodeGen
Arm64	Sve	UnzipEven_Predicates	HW_Category_SIMD	HW_Flag_ReturnsPerElementMask|HW_Flag_Scalable
Arm64	Sve	UnzipOdd	HW_Category_SIMD	HW_Flag_HasAllMaskVariant|HW_Flag_Scalable|HW_Flag_SpecialCodeGen
Arm64	Sve	UnzipOdd_Predicates	HW_Category_SIMD	HW_Flag_ReturnsPerElementMask|HW_Flag_Scalable
Arm64	Sve	VectorTableLookup	HW_Category_SIMD	HW_Flag_Scalable
Arm64	Sve	Xor	HW_Category_SIMD	HW_Flag_HasAllMaskVariant|HW_Flag_HasRMWSemantics|HW_Flag_LowMaskedOperation|HW_Flag_OptionalEmbeddedMaskedOperation|HW_Flag_Scalable
Arm64	Sve	XorAcross	HW_Category_SIMD	HW_Flag_EmbeddedMaskedOperation|HW_Flag_LowMaskedOperation|HW_Flag_ReduceOperation|HW_Flag_Scalable
Arm64	Sve	Xor_Predicates	HW_Category_SIMD	HW_Flag_EmbeddedMaskedOperation|HW_Flag_ReturnsPerElementMask|HW_Flag_Scalable|HW_Flag_SpecialCodeGen
Arm64	Sve	ZeroExtend16	HW_Category_SIMD	HW_Flag_EmbeddedMaskedOperation|HW_Flag_LowMaskedOperation|HW_Flag_Scalable
Arm64	Sve	ZeroExtend32	HW_Category_SIMD	HW_Flag_EmbeddedMaskedOperation|HW_Flag_LowMaskedOperation|HW_Flag_Scalable
Arm64	Sve	ZeroExtend8	HW_Category_SIMD	HW_Flag_EmbeddedMaskedOperation|HW_Flag_LowMaskedOperation|HW_Flag_Scalable
Arm64	Sve	ZeroExtendWideningLower	HW_Category_SIMD	HW_Flag_BaseTypeFromFirstArg|HW_Flag_Scalable
Arm64	Sve	ZeroExtendWideningUpper	HW_Category_SIMD	HW_Flag_BaseTypeFromFirstArg|HW_Flag_Scalable
Arm64	Sve	ZipHigh	HW_Category_SIMD	HW_Flag_HasAllMaskVariant|HW_Flag_Scalable|HW_Flag_SpecialCodeGen
Arm64	Sve	ZipHigh_Predicates	HW_Category_SIMD	HW_Flag_ReturnsPerElementMask|HW_Flag_Scalable
Arm64	Sve	ZipLow	HW_Category_SIMD	HW_Flag_HasAllMaskVariant|HW_Flag_Scalable|HW_Flag_SpecialCodeGen
Arm64	Sve	ZipLow_Predicates	HW_Category_SIMD	HW_Flag_ReturnsPerElementMask|HW_Flag_Scalable
Arm64	Sve2	AbsSaturate	HW_Category_SIMD	HW_Flag_EmbeddedMaskedOperation|HW_Flag_LowMaskedOperation|HW_Flag_Scalable
Arm64	Sve2	AbsoluteDifferenceAdd	HW_Category_SIMD	HW_Flag_HasRMWSemantics|HW_Flag_Scalable
Arm64	Sve2	AbsoluteDifferenceWideningEven	HW_Category_SIMD	HW_Flag_Scalable
Arm64	Sve2	AbsoluteDifferenceWideningLowerAndAddEven	HW_Category_SIMD	HW_Flag_BaseTypeFromFirstArg|HW_Flag_HasRMWSemantics|HW_Flag_Scalable
Arm64	Sve2	AbsoluteDifferenceWideningLowerAndAddOdd	HW_Category_SIMD	HW_Flag_BaseTypeFromFirstArg|HW_Flag_HasRMWSemantics|HW_Flag_Scalable
Arm64	Sve2	AbsoluteDifferenceWideningOdd	HW_Category_SIMD	HW_Flag_Scalable
Arm64	Sve2	AddCarryWideningEven	HW_Category_SIMD	HW_Flag_HasRMWSemantics|HW_Flag_Scalable|HW_Flag_SpecialCodeGen
Arm64	Sve2	AddCarryWideningOdd	HW_Category_SIMD	HW_Flag_HasRMWSemantics|HW_Flag_Scalable|HW_Flag_SpecialCodeGen
Arm64	Sve2	AddHighNarrowingEven	HW_Category_SIMD	HW_Flag_Scalable
Arm64	Sve2	AddHighNarrowingOdd	HW_Category_SIMD	HW_Flag_HasRMWSemantics|HW_Flag_Scalable
Arm64	Sve2	AddPairwise	HW_Category_SIMD	HW_Flag_EmbeddedMaskedOperation|HW_Flag_HasRMWSemantics|HW_Flag_LowMaskedOperation|HW_Flag_ReduceOperation|HW_Flag_Scalable
Arm64	Sve2	AddPairwiseWideningAndAdd	HW_Category_SIMD	HW_Flag_EmbeddedMaskedOperation|HW_Flag_HasRMWSemantics|HW_Flag_LowMaskedOperation|HW_Flag_Scalable
Arm64	Sve2	AddRotateComplex	HW_Category_SIMD	HW_Flag_HasImmediateOperand|HW_Flag_HasRMWSemantics|HW_Flag_Scalable|HW_Flag_SpecialCodeGen
Arm64	Sve2	AddRoundedHighNarrowingEven	HW_Category_SIMD	HW_Flag_Scalable
Arm64	Sve2	AddRoundedHighNarrowingOdd	HW_Category_SIMD	HW_Flag_HasRMWSemantics|HW_Flag_Scalable
Arm64	Sve2	AddSaturate	HW_Category_SIMD	HW_Flag_HasRMWSemantics|HW_Flag_LowMaskedOperation|HW_Flag_OptionalEmbeddedMaskedOperation|HW_Flag_Scalable
Arm64	Sve2	AddSaturateRotateComplex	HW_Category_SIMD	HW_Flag_HasImmediateOperand|HW_Flag_HasRMWSemantics|HW_Flag_Scalable|HW_Flag_SpecialCodeGen
Arm64	Sve2	AddSaturateWithSignedAddend	HW_Category_SIMD	HW_Flag_EmbeddedMaskedOperation|HW_Flag_HasRMWSemantics|HW_Flag_LowMaskedOperation|HW_Flag_Scalable
Arm64	Sve2	AddSaturateWithUnsignedAddend	HW_Category_SIMD	HW_Flag_EmbeddedMaskedOperation|HW_Flag_HasRMWSemantics|HW_Flag_LowMaskedOperation|HW_Flag_Scalable
Arm64	Sve2	AddWideningEven	HW_Category_SIMD	HW_Flag_Scalable|HW_Flag_SpecialCodeGen|HW_Flag_SpecialImport
Arm64	Sve2	AddWideningEvenOdd	HW_Category_SIMD	HW_Flag_Scalable
Arm64	Sve2	AddWideningOdd	HW_Category_SIMD	HW_Flag_Scalable|HW_Flag_SpecialCodeGen|HW_Flag_SpecialImport
Arm64	Sve2	BitwiseClearXor	HW_Category_SIMD	HW_Flag_HasRMWSemantics|HW_Flag_Scalable|HW_Flag_SpecialCodeGen
Arm64	Sve2	BitwiseSelect	HW_Category_SIMD	HW_Flag_HasRMWSemantics|HW_Flag_Scalable|HW_Flag_SpecialCodeGen
Arm64	Sve2	BitwiseSelectLeftInverted	HW_Category_SIMD	HW_Flag_HasRMWSemantics|HW_Flag_Scalable|HW_Flag_SpecialCodeGen
Arm64	Sve2	BitwiseSelectRightInverted	HW_Category_SIMD	HW_Flag_HasRMWSemantics|HW_Flag_Scalable|HW_Flag_SpecialCodeGen
Arm64	Sve2	ConvertToDoubleOdd	HW_Category_SIMD	HW_Flag_BaseTypeFromFirstArg|HW_Flag_EmbeddedMaskedOperation|HW_Flag_LowMaskedOperation|HW_Flag_Scalable
Arm64	Sve2	ConvertToSingleEvenRoundToOdd	HW_Category_SIMD	HW_Flag_BaseTypeFromFirstArg|HW_Flag_EmbeddedMaskedOperation|HW_Flag_LowMaskedOperation|HW_Flag_Scalable
Arm64	Sve2	DotProductRotateComplex	HW_Category_SIMD	HW_Flag_HasImmediateOperand|HW_Flag_HasRMWSemantics|HW_Flag_Scalable|HW_Flag_SpecialCodeGen
Arm64	Sve2	DotProductRotateComplexBySelectedIndex	HW_Category_SIMD	HW_Flag_BaseTypeFromSecondArg|HW_Flag_HasImmediateOperand|HW_Flag_HasRMWSemantics|HW_Flag_LowVectorOperation|HW_Flag_Scalable|HW_Flag_SpecialCodeGen|HW_Flag_SpecialImport
Arm64	Sve2	FusedAddHalving	HW_Category_SIMD	HW_Flag_EmbeddedMaskedOperation|HW_Flag_HasRMWSemantics|HW_Flag_LowMaskedOperation|HW_Flag_Scalable
Arm64	Sve2	FusedAddRoundedHalving	HW_Category_SIMD	HW_Flag_EmbeddedMaskedOperation|HW_Flag_HasRMWSemantics|HW_Flag_LowMaskedOperation|HW_Flag_Scalable
Arm64	Sve2	FusedSubtractHalving	HW_Category_SIMD	HW_Flag_EmbeddedMaskedOperation|HW_Flag_HasRMWSemantics|HW_Flag_LowMaskedOperation|HW_Flag_Scalable
Arm64	Sve2	InterleavingXorEvenOdd	HW_Category_SIMD	HW_Flag_HasRMWSemantics|HW_Flag_Scalable
Arm64	Sve2	InterleavingXorOddEven	HW_Category_SIMD	HW_Flag_HasRMWSemantics|HW_Flag_Scalable
Arm64	Sve2	Log2	HW_Category_SIMD	HW_Flag_BaseTypeFromFirstArg|HW_Flag_EmbeddedMaskedOperation|HW_Flag_LowMaskedOperation|HW_Flag_Scalable
Arm64	Sve2	MaxNumberPairwise	HW_Category_SIMD	HW_Flag_EmbeddedMaskedOperation|HW_Flag_HasRMWSemantics|HW_Flag_LowMaskedOperation|HW_Flag_Scalable
Arm64	Sve2	MaxPairwise	HW_Category_SIMD	HW_Flag_EmbeddedMaskedOperation|HW_Flag_HasRMWSemantics|HW_Flag_LowMaskedOperation|HW_Flag_ReduceOperation|HW_Flag_Scalable
Arm64	Sve2	MinNumberPairwise	HW_Category_SIMD	HW_Flag_EmbeddedMaskedOperation|HW_Flag_HasRMWSemantics|HW_Flag_LowMaskedOperation|HW_Flag_Scalable
Arm64	Sve2	MinPairwise	HW_Category_SIMD	HW_Flag_EmbeddedMaskedOperation|HW_Flag_HasRMWSemantics|HW_Flag_LowMaskedOperation|HW_Flag_ReduceOperation|HW_Flag_Scalable
Arm64	Sve2	MultiplyAddBySelectedScalar	HW_Category_SIMDByIndexedElement	HW_Flag_HasImmediateOperand|HW_Flag_HasRMWSemantics|HW_Flag_LowVectorOperation|HW_Flag_Scalable
Arm64	Sve2	MultiplyAddRotateComplex	HW_Category_SIMD	HW_Flag_HasImmediateOperand|HW_Flag_HasRMWSemantics|HW_Flag_Scalable|HW_Flag_SpecialCodeGen
Arm64	Sve2	MultiplyAddRotateComplexBySelectedScalar	HW_Category_SIMD	HW_Flag_HasImmediateOperand|HW_Flag_HasRMWSemantics|HW_Flag_LowVectorOperation|HW_Flag_Scalable|HW_Flag_SpecialCodeGen|HW_Flag_SpecialImport
Arm64	Sve2	MultiplyAddRoundedDoublingSaturateHighRotateComplex	HW_Category_SIMD	HW_Flag_HasImmediateOperand|HW_Flag_HasRMWSemantics|HW_Flag_Scalable|HW_Flag_SpecialCodeGen
Arm64	Sve2	MultiplyAddRoundedDoublingSaturateHighRotateComplexBySelectedScalar	HW_Category_SIMD	HW_Flag_HasImmediateOperand|HW_Flag_HasRMWSemantics|HW_Flag_LowVectorOperation|HW_Flag_Scalable|HW_Flag_SpecialCodeGen|HW_Flag_SpecialImport
Arm64	Sve2	MultiplyBySelectedScalar	HW_Category_SIMDByIndexedElement	HW_Flag_HasImmediateOperand|HW_Flag_LowVectorOperation|HW_Flag_Scalable
Arm64	Sve2	MultiplyBySelectedScalarWideningEven	HW_Category_SIMDByIndexedElement	HW_Flag_HasImmediateOperand|HW_Flag_LowVectorOperation|HW_Flag_Scalable
Arm64	Sve2	MultiplyBySelectedScalarWideningEvenAndAdd	HW_Category_SIMDByIndexedElement	HW_Flag_HasImmediateOperand|HW_Flag_HasRMWSemantics|HW_Flag_LowVectorOperation|HW_Flag_Scalable
Arm64	Sve2	MultiplyBySelectedScalarWideningEvenAndSubtract	HW_Category_SIMDByIndexedElement	HW_Flag_HasImmediateOperand|HW_Flag_HasRMWSemantics|HW_Flag_LowVectorOperation|HW_Flag_Scalable
Arm64	Sve2	MultiplyBySelectedScalarWideningOdd	HW_Category_SIMDByIndexedElement	HW_Flag_HasImmediateOperand|HW_Flag_LowVectorOperation|HW_Flag_Scalable
Arm64	Sve2	MultiplyBySelectedScalarWideningOddAndAdd	HW_Category_SIMDByIndexedElement	HW_Flag_HasImmediateOperand|HW_Flag_HasRMWSemantics|HW_Flag_LowVectorOperation|HW_Flag_Scalable
Arm64	Sve2	MultiplyBySelectedScalarWideningOddAndSubtract	HW_Category_SIMDByIndexedElement	HW_Flag_HasImmediateOperand|HW_Flag_HasRMWSemantics|HW_Flag_LowVectorOperation|HW_Flag_Scalable
Arm64	Sve2	MultiplyDoublingBySelectedScalarSaturateHigh	HW_Category_SIMDByIndexedElement	HW_Flag_HasImmediateOperand|HW_Flag_LowVectorOperation|HW_Flag_Scalable
Arm64	Sve2	MultiplyDoublingSaturateHigh	HW_Category_SIMD	HW_Flag_Scalable
Arm64	Sve2	MultiplyDoublingWideningAndAddSaturateEven	HW_Category_SIMD	HW_Flag_HasRMWSemantics|HW_Flag_Scalable
Arm64	Sve2	MultiplyDoublingWideningAndAddSaturateEvenOdd	HW_Category_SIMD	HW_Flag_HasRMWSemantics|HW_Flag_Scalable
Arm64	Sve2	MultiplyDoublingWideningAndAddSaturateOdd	HW_Category_SIMD	HW_Flag_HasRMWSemantics|HW_Flag_Scalable
Arm64	Sve2	MultiplyDoublingWideningAndSubtractSaturateEven	HW_Category_SIMD	HW_Flag_HasRMWSemantics|HW_Flag_Scalable
Arm64	Sve2	MultiplyDoublingWideningAndSubtractSaturateEvenOdd	HW_Category_SIMD	HW_Flag_HasRMWSemantics|HW_Flag_Scalable
Arm64	Sve2	MultiplyDoublingWideningAndSubtractSaturateOdd	HW_Category_SIMD	HW_Flag_HasRMWSemantics|HW_Flag_Scalable
Arm64	Sve2	MultiplyDoublingWideningBySelectedScalarAndAddSaturateEven	HW_Category_SIMDByIndexedElement	HW_Flag_HasImmediateOperand|HW_Flag_HasRMWSemantics|HW_Flag_LowVectorOperation|HW_Flag_Scalable
Arm64	Sve2	MultiplyDoublingWideningBySelectedScalarAndAddSaturateOdd	HW_Category_SIMDByIndexedElement	HW_Flag_HasImmediateOperand|HW_Flag_HasRMWSemantics|HW_Flag_LowVectorOperation|HW_Flag_Scalable
Arm64	Sve2	MultiplyDoublingWideningBySelectedScalarAndSubtractSaturateEven	HW_Category_SIMDByIndexedElement	HW_Flag_HasImmediateOperand|HW_Flag_HasRMWSemantics|HW_Flag_LowVectorOperation|HW_Flag_Scalable
Arm64	Sve2	MultiplyDoublingWideningBySelectedScalarAndSubtractSaturateOdd	HW_Category_SIMDByIndexedElement	HW_Flag_HasImmediateOperand|HW_Flag_HasRMWSemantics|HW_Flag_LowVectorOperation|HW_Flag_Scalable
Arm64	Sve2	MultiplyDoublingWideningSaturateEven	HW_Category_SIMD	HW_Flag_Scalable
Arm64	Sve2	MultiplyDoublingWideningSaturateEvenBySelectedScalar	HW_Category_SIMDByIndexedElement	HW_Flag_HasImmediateOperand|HW_Flag_LowVectorOperation|HW_Flag_Scalable
Arm64	Sve2	MultiplyDoublingWideningSaturateOdd	HW_Category_SIMD	HW_Flag_Scalable
Arm64	Sve2	MultiplyDoublingWideningSaturateOddBySelectedScalar	HW_Category_SIMDByIndexedElement	HW_Flag_HasImmediateOperand|HW_Flag_LowVectorOperation|HW_Flag_Scalable
Arm64	Sve2	MultiplyRoundedDoublingBySelectedScalarSaturateHigh	HW_Category_SIMDByIndexedElement	HW_Flag_HasImmediateOperand|HW_Flag_LowVectorOperation|HW_Flag_Scalable
Arm64	Sve2	MultiplyRoundedDoublingSaturateAndAddHigh	HW_Category_SIMD	HW_Flag_HasRMWSemantics|HW_Flag_Scalable
Arm64	Sve2	MultiplyRoundedDoublingSaturateAndSubtractHigh	HW_Category_SIMD	HW_Flag_HasRMWSemantics|HW_Flag_Scalable
Arm64	Sve2	MultiplyRoundedDoublingSaturateBySelectedScalarAndAddHigh	HW_Category_SIMDByIndexedElement	HW_Flag_HasImmediateOperand|HW_Flag_HasRMWSemantics|HW_Flag_LowVectorOperation|HW_Flag_Scalable
Arm64	Sve2	MultiplyRoundedDoublingSaturateBySelectedScalarAndSubtractHigh	HW_Category_SIMDByIndexedElement	HW_Flag_HasImmediateOperand|HW_Flag_HasRMWSemantics|HW_Flag_LowVectorOperation|HW_Flag_Scalable
Arm64	Sve2	MultiplyRoundedDoublingSaturateHigh	HW_Category_SIMD	HW_Flag_Scalable
Arm64	Sve2	MultiplySubtractBySelectedScalar	HW_Category_SIMDByIndexedElement	HW_Flag_HasImmediateOperand|HW_Flag_HasRMWSemantics|HW_Flag_LowVectorOperation|HW_Flag_Scalable
Arm64	Sve2	MultiplyWideningEven	HW_Category_SIMD	HW_Flag_Scalable
Arm64	Sve2	MultiplyWideningEvenAndAdd	HW_Category_SIMD	HW_Flag_HasRMWSemantics|HW_Flag_Scalable
Arm64	Sve2	MultiplyWideningEvenAndSubtract	HW_Category_SIMD	HW_Flag_HasRMWSemantics|HW_Flag_Scalable
Arm64	Sve2	MultiplyWideningOdd	HW_Category_SIMD	HW_Flag_Scalable
Arm64	Sve2	MultiplyWideningOddAndAdd	HW_Category_SIMD	HW_Flag_HasRMWSemantics|HW_Flag_Scalable
Arm64	Sve2	MultiplyWideningOddAndSubtract	HW_Category_SIMD	HW_Flag_HasRMWSemantics|HW_Flag_Scalable
Arm64	Sve2	NegateSaturate	HW_Category_SIMD	HW_Flag_EmbeddedMaskedOperation|HW_Flag_LowMaskedOperation|HW_Flag_Scalable
Arm64	Sve2	PolynomialMultiply	HW_Category_SIMD	HW_Flag_Scalable
Arm64	Sve2	PolynomialMultiplyWideningEven	HW_Category_SIMD	HW_Flag_Scalable
Arm64	Sve2	PolynomialMultiplyWideningOdd	HW_Category_SIMD	HW_Flag_Scalable
Arm64	Sve2	ReciprocalEstimate	HW_Category_SIMD	HW_Flag_EmbeddedMaskedOperation|HW_Flag_LowMaskedOperation|HW_Flag_Scalable
Arm64	Sve2	ReciprocalSqrtEstimate	HW_Category_SIMD	HW_Flag_EmbeddedMaskedOperation|HW_Flag_LowMaskedOperation|HW_Flag_Scalable
Arm64	Sve2	ShiftArithmeticRounded	HW_Category_SIMD	HW_Flag_EmbeddedMaskedOperation|HW_Flag_HasRMWSemantics|HW_Flag_LowMaskedOperation|HW_Flag_Scalable
Arm64	Sve2	ShiftArithmeticRoundedSaturate	HW_Category_SIMD	HW_Flag_EmbeddedMaskedOperation|HW_Flag_HasRMWSemantics|HW_Flag_LowMaskedOperation|HW_Flag_Scalable
Arm64	Sve2	ShiftArithmeticSaturate	HW_Category_SIMD	HW_Flag_EmbeddedMaskedOperation|HW_Flag_HasRMWSemantics|HW_Flag_LowMaskedOperation|HW_Flag_Scalable
Arm64	Sve2	ShiftLeftAndInsert	HW_Category_ShiftLeftByImmediate	HW_Flag_HasImmediateOperand|HW_Flag_HasRMWSemantics|HW_Flag_Scalable
Arm64	Sve2	ShiftLeftLogicalSaturate	HW_Category_SIMD	HW_Flag_EmbeddedMaskedOperation|HW_Flag_HasRMWSemantics|HW_Flag_LowMaskedOperation|HW_Flag_Scalable
Arm64	Sve2	ShiftLeftLogicalSaturateUnsigned	HW_Category_ShiftLeftByImmediate	HW_Flag_EmbeddedMaskedOperation|HW_Flag_HasImmediateOperand|HW_Flag_HasRMWSemantics|HW_Flag_LowMaskedOperation|HW_Flag_Scalable
Arm64	Sve2	ShiftLeftLogicalWideningEven	HW_Category_ShiftLeftByImmediate	HW_Flag_HasImmediateOperand|HW_Flag_Scalable
Arm64	Sve2	ShiftLeftLogicalWideningOdd	HW_Category_ShiftLeftByImmediate	HW_Flag_HasImmediateOperand|HW_Flag_Scalable
Arm64	Sve2	ShiftLogicalRounded	HW_Category_SIMD	HW_Flag_EmbeddedMaskedOperation|HW_Flag_HasRMWSemantics|HW_Flag_LowMaskedOperation|HW_Flag_Scalable
Arm64	Sve2	ShiftLogicalRoundedSaturate	HW_Category_SIMD	HW_Flag_EmbeddedMaskedOperation|HW_Flag_HasRMWSemantics|HW_Flag_LowMaskedOperation|HW_Flag_Scalable
Arm64	Sve2	ShiftRightAndInsert	HW_Category_ShiftRightByImmediate	HW_Flag_HasImmediateOperand|HW_Flag_HasRMWSemantics|HW_Flag_Scalable
Arm64	Sve2	ShiftRightArithmeticAdd	HW_Category_ShiftRightByImmediate	HW_Flag_HasImmediateOperand|HW_Flag_HasRMWSemantics|HW_Flag_Scalable
Arm64	Sve2	ShiftRightArithmeticNarrowingSaturateEven	HW_Category_ShiftRightByImmediate	HW_Flag_HasImmediateOperand|HW_Flag_Scalable
Arm64	Sve2	ShiftRightArithmeticNarrowingSaturateOdd	HW_Category_ShiftRightByImmediate	HW_Flag_HasImmediateOperand|HW_Flag_HasRMWSemantics|HW_Flag_Scalable
Arm64	Sve2	ShiftRightArithmeticNarrowingSaturateUnsignedEven	HW_Category_ShiftRightByImmediate	HW_Flag_HasImmediateOperand|HW_Flag_Scalable
Arm64	Sve2	ShiftRightArithmeticNarrowingSaturateUnsignedOdd	HW_Category_ShiftRightByImmediate	HW_Flag_HasImmediateOperand|HW_Flag_HasRMWSemantics|HW_Flag_Scalable
Arm64	Sve2	ShiftRightArithmeticRounded	HW_Category_ShiftRightByImmediate	HW_Flag_EmbeddedMaskedOperation|HW_Flag_HasImmediateOperand|HW_Flag_HasRMWSemantics|HW_Flag_LowMaskedOperation|HW_Flag_Scalable
Arm64	Sve2	ShiftRightArithmeticRoundedAdd	HW_Category_ShiftRightByImmediate	HW_Flag_HasImmediateOperand|HW_Flag_HasRMWSemantics|HW_Flag_Scalable
Arm64	Sve2	ShiftRightArithmeticRoundedNarrowingSaturateEven	HW_Category_ShiftRightByImmediate	HW_Flag_HasImmediateOperand|HW_Flag_Scalable
Arm64	Sve2	ShiftRightArithmeticRoundedNarrowingSaturateOdd	HW_Category_ShiftRightByImmediate	HW_Flag_HasImmediateOperand|HW_Flag_HasRMWSemantics|HW_Flag_Scalable
Arm64	Sve2	ShiftRightArithmeticRoundedNarrowingSaturateUnsignedEven	HW_Category_ShiftRightByImmediate	HW_Flag_HasImmediateOperand|HW_Flag_Scalable
Arm64	Sve2	ShiftRightArithmeticRoundedNarrowingSaturateUnsignedOdd	HW_Category_ShiftRightByImmediate	HW_Flag_HasImmediateOperand|HW_Flag_HasRMWSemantics|HW_Flag_Scalable
Arm64	Sve2	ShiftRightLogicalAdd	HW_Category_ShiftRightByImmediate	HW_Flag_HasImmediateOperand|HW_Flag_HasRMWSemantics|HW_Flag_Scalable
Arm64	Sve2	ShiftRightLogicalNarrowingEven	HW_Category_ShiftRightByImmediate	HW_Flag_HasImmediateOperand|HW_Flag_Scalable
Arm64	Sve2	ShiftRightLogicalNarrowingOdd	HW_Category_ShiftRightByImmediate	HW_Flag_HasImmediateOperand|HW_Flag_HasRMWSemantics|HW_Flag_Scalable
Arm64	Sve2	ShiftRightLogicalRounded	HW_Category_ShiftRightByImmediate	HW_Flag_EmbeddedMaskedOperation|HW_Flag_HasImmediateOperand|HW_Flag_HasRMWSemantics|HW_Flag_LowMaskedOperation|HW_Flag_Scalable
Arm64	Sve2	ShiftRightLogicalRoundedAdd	HW_Category_ShiftRightByImmediate	HW_Flag_HasImmediateOperand|HW_Flag_HasRMWSemantics|HW_Flag_Scalable
Arm64	Sve2	ShiftRightLogicalRoundedNarrowingEven	HW_Category_ShiftRightByImmediate	HW_Flag_HasImmediateOperand|HW_Flag_Scalable
Arm64	Sve2	ShiftRightLogicalRoundedNarrowingOdd	HW_Category_ShiftRightByImmediate	HW_Flag_HasImmediateOperand|HW_Flag_HasRMWSemantics|HW_Flag_Scalable
Arm64	Sve2	ShiftRightLogicalRoundedNarrowingSaturateEven	HW_Category_ShiftRightByImmediate	HW_Flag_HasImmediateOperand|HW_Flag_Scalable
Arm64	Sve2	ShiftRightLogicalRoundedNarrowingSaturateOdd	HW_Category_ShiftRightByImmediate	HW_Flag_HasImmediateOperand|HW_Flag_HasRMWSemantics|HW_Flag_Scalable
Arm64	Sve2	SubtractBorrowWideningEven	HW_Category_SIMD	HW_Flag_HasRMWSemantics|HW_Flag_Scalable
Arm64	Sve2	SubtractBorrowWideningOdd	HW_Category_SIMD	HW_Flag_HasRMWSemantics|HW_Flag_Scalable
Arm64	Sve2	SubtractHighNarrowingEven	HW_Category_SIMD	HW_Flag_Scalable
Arm64	Sve2	SubtractHighNarrowingOdd	HW_Category_SIMD	HW_Flag_HasRMWSemantics|HW_Flag_Scalable
Arm64	Sve2	SubtractRoundedHighNarrowingEven	HW_Category_SIMD	HW_Flag_Scalable
Arm64	Sve2	SubtractRoundedHighNarrowingOdd	HW_Category_SIMD	HW_Flag_HasRMWSemantics|HW_Flag_Scalable
Arm64	Sve2	SubtractSaturate	HW_Category_SIMD	HW_Flag_EmbeddedMaskedOperation|HW_Flag_HasRMWSemantics|HW_Flag_Scalable
Arm64	Sve2	SubtractWideningEven	HW_Category_SIMD	HW_Flag_Scalable|HW_Flag_SpecialCodeGen|HW_Flag_SpecialImport
Arm64	Sve2	SubtractWideningEvenOdd	HW_Category_SIMD	HW_Flag_Scalable
Arm64	Sve2	SubtractWideningOdd	HW_Category_SIMD	HW_Flag_Scalable|HW_Flag_SpecialCodeGen|HW_Flag_SpecialImport
Arm64	Sve2	SubtractWideningOddEven	HW_Category_SIMD	HW_Flag_Scalable
Arm64	Sve2	VectorTableLookup	HW_Category_SIMD	HW_Flag_NeedsConsecutiveRegisters|HW_Flag_Scalable|HW_Flag_SpecialCodeGen|HW_Flag_SpecialImport
Arm64	Sve2	VectorTableLookupExtension	HW_Category_SIMD	HW_Flag_HasRMWSemantics|HW_Flag_Scalable
Arm64	Sve2	Xor	HW_Category_SIMD	HW_Flag_HasRMWSemantics|HW_Flag_Scalable|HW_Flag_SpecialCodeGen
Arm64	Sve2	XorRotateRight	HW_Category_ShiftRightByImmediate	HW_Flag_HasImmediateOperand|HW_Flag_HasRMWSemantics|HW_Flag_Scalable
Arm64	Vector128	Abs	HW_Category_Helper	HW_Flag_InvalidNodeId
Arm64	Vector128	AddSaturate	HW_Category_Helper	HW_Flag_InvalidNodeId
Arm64	Vector128	AndNot	HW_Category_Helper	HW_Flag_InvalidNodeId
Arm64	Vector128	As	HW_Category_Helper	HW_Flag_BaseTypeFromFirstArg|HW_Flag_InvalidNodeId
Arm64	Vector128	AsByte	HW_Category_Helper	HW_Flag_BaseTypeFromFirstArg|HW_Flag_InvalidNodeId
Arm64	Vector128	AsDouble	HW_Category_Helper	HW_Flag_BaseTypeFromFirstArg|HW_Flag_InvalidNodeId
Arm64	Vector128	AsInt16	HW_Category_Helper	HW_Flag_BaseTypeFromFirstArg|HW_Flag_InvalidNodeId
Arm64	Vector128	AsInt32	HW_Category_Helper	HW_Flag_BaseTypeFromFirstArg|HW_Flag_InvalidNodeId
Arm64	Vector128	AsInt64	HW_Category_Helper	HW_Flag_BaseTypeFromFirstArg|HW_Flag_InvalidNodeId
Arm64	Vector128	AsNInt	HW_Category_Helper	HW_Flag_BaseTypeFromFirstArg|HW_Flag_InvalidNodeId
Arm64	Vector128	AsNUInt	HW_Category_Helper	HW_Flag_BaseTypeFromFirstArg|HW_Flag_InvalidNodeId
Arm64	Vector128	AsSByte	HW_Category_Helper	HW_Flag_BaseTypeFromFirstArg|HW_Flag_InvalidNodeId
Arm64	Vector128	AsSingle	HW_Category_Helper	HW_Flag_BaseTypeFromFirstArg|HW_Flag_InvalidNodeId
Arm64	Vector128	AsUInt16	HW_Category_Helper	HW_Flag_BaseTypeFromFirstArg|HW_Flag_InvalidNodeId
Arm64	Vector128	AsUInt32	HW_Category_Helper	HW_Flag_BaseTypeFromFirstArg|HW_Flag_InvalidNodeId
Arm64	Vector128	AsUInt64	HW_Category_Helper	HW_Flag_BaseTypeFromFirstArg|HW_Flag_InvalidNodeId
Arm64	Vector128	AsVector	HW_Category_Helper	HW_Flag_BaseTypeFromFirstArg|HW_Flag_InvalidNodeId
Arm64	Vector128	AsVector128	HW_Category_Helper	HW_Flag_BaseTypeFromFirstArg|HW_Flag_InvalidNodeId
Arm64	Vector128	AsVector128Unsafe	HW_Category_SIMD	HW_Flag_SpecialCodeGen
Arm64	Vector128	AsVector2	HW_Category_Helper	HW_Flag_BaseTypeFromFirstArg|HW_Flag_InvalidNodeId
Arm64	Vector128	AsVector3	HW_Category_SIMD	HW_Flag_BaseTypeFromFirstArg|HW_Flag_SpecialCodeGen|HW_Flag_SpecialImport
Arm64	Vector128	AsVector4	HW_Category_Helper	HW_Flag_BaseTypeFromFirstArg|HW_Flag_InvalidNodeId
Arm64	Vector128	Ceiling	HW_Category_Helper	HW_Flag_InvalidNodeId
Arm64	Vector128	ConditionalSelect	HW_Category_Helper	HW_Flag_InvalidNodeId
Arm64	Vector128	ConvertToDouble	HW_Category_Helper	HW_Flag_BaseTypeFromFirstArg|HW_Flag_InvalidNodeId
Arm64	Vector128	ConvertToInt32	HW_Category_Helper	HW_Flag_BaseTypeFromFirstArg|HW_Flag_InvalidNodeId
Arm64	Vector128	ConvertToInt32Native	HW_Category_Helper	HW_Flag_BaseTypeFromFirstArg|HW_Flag_InvalidNodeId
Arm64	Vector128	ConvertToInt64	HW_Category_Helper	HW_Flag_BaseTypeFromFirstArg|HW_Flag_InvalidNodeId
Arm64	Vector128	ConvertToInt64Native	HW_Category_Helper	HW_Flag_BaseTypeFromFirstArg|HW_Flag_InvalidNodeId
Arm64	Vector128	ConvertToSingle	HW_Category_Helper	HW_Flag_BaseTypeFromFirstArg|HW_Flag_InvalidNodeId
Arm64	Vector128	ConvertToUInt32	HW_Category_Helper	HW_Flag_BaseTypeFromFirstArg|HW_Flag_InvalidNodeId
Arm64	Vector128	ConvertToUInt32Native	HW_Category_Helper	HW_Flag_BaseTypeFromFirstArg|HW_Flag_InvalidNodeId
Arm64	Vector128	ConvertToUInt64	HW_Category_Helper	HW_Flag_BaseTypeFromFirstArg|HW_Flag_InvalidNodeId
Arm64	Vector128	ConvertToUInt64Native	HW_Category_Helper	HW_Flag_BaseTypeFromFirstArg|HW_Flag_InvalidNodeId
Arm64	Vector128	Create	HW_Category_Helper	HW_Flag_NoCodeGen|HW_Flag_SpecialImport
Arm64	Vector128	CreateScalar	HW_Category_Helper	HW_Flag_NoCodeGen|HW_Flag_SpecialImport
Arm64	Vector128	CreateScalarUnsafe	HW_Category_SIMD	HW_Flag_SpecialCodeGen|HW_Flag_SpecialImport|HW_Flag_SupportsContainment
Arm64	Vector128	CreateSequence	HW_Category_Helper	HW_Flag_InvalidNodeId
Arm64	Vector128	Dot	HW_Category_Helper	HW_Flag_BaseTypeFromFirstArg|HW_Flag_NoCodeGen|HW_Flag_SpecialImport
Arm64	Vector128	Equals	HW_Category_Helper	HW_Flag_BaseTypeFromFirstArg|HW_Flag_InvalidNodeId
Arm64	Vector128	EqualsAny	HW_Category_Helper	HW_Flag_BaseTypeFromFirstArg|HW_Flag_InvalidNodeId
Arm64	Vector128	ExtractMostSignificantBits	HW_Category_Helper	HW_Flag_BaseTypeFromFirstArg|HW_Flag_NoCodeGen|HW_Flag_SpecialImport
Arm64	Vector128	Floor	HW_Category_Helper	HW_Flag_InvalidNodeId
Arm64	Vector128	FusedMultiplyAdd	HW_Category_Helper	HW_Flag_InvalidNodeId
Arm64	Vector128	GetElement	HW_Category_Helper	HW_Flag_BaseTypeFromFirstArg|HW_Flag_SpecialCodeGen|HW_Flag_SpecialImport|HW_Flag_SupportsContainment
Arm64	Vector128	GetLower	HW_Category_SIMD	HW_Flag_SpecialCodeGen|HW_Flag_SpecialImport
Arm64	Vector128	GetUpper	HW_Category_SIMD	HW_Flag_SpecialCodeGen|HW_Flag_SpecialImport
Arm64	Vector128	GreaterThan	HW_Category_Helper	HW_Flag_BaseTypeFromFirstArg|HW_Flag_InvalidNodeId
Arm64	Vector128	GreaterThanAll	HW_Category_Helper	HW_Flag_BaseTypeFromFirstArg|HW_Flag_InvalidNodeId
Arm64	Vector128	GreaterThanAny	HW_Category_Helper	HW_Flag_BaseTypeFromFirstArg|HW_Flag_InvalidNodeId
Arm64	Vector128	GreaterThanOrEqual	HW_Category_Helper	HW_Flag_BaseTypeFromFirstArg|HW_Flag_InvalidNodeId
Arm64	Vector128	GreaterThanOrEqualAll	HW_Category_Helper	HW_Flag_BaseTypeFromFirstArg|HW_Flag_InvalidNodeId
Arm64	Vector128	GreaterThanOrEqualAny	HW_Category_Helper	HW_Flag_BaseTypeFromFirstArg|HW_Flag_InvalidNodeId
Arm64	Vector128	IsEvenInteger	HW_Category_Helper	HW_Flag_InvalidNodeId
Arm64	Vector128	IsFinite	HW_Category_Helper	HW_Flag_InvalidNodeId
Arm64	Vector128	IsInfinity	HW_Category_Helper	HW_Flag_InvalidNodeId
Arm64	Vector128	IsInteger	HW_Category_Helper	HW_Flag_InvalidNodeId
Arm64	Vector128	IsNaN	HW_Category_Helper	HW_Flag_InvalidNodeId
Arm64	Vector128	IsNegative	HW_Category_Helper	HW_Flag_InvalidNodeId
Arm64	Vector128	IsNegativeInfinity	HW_Category_Helper	HW_Flag_InvalidNodeId
Arm64	Vector128	IsNormal	HW_Category_Helper	HW_Flag_InvalidNodeId
Arm64	Vector128	IsOddInteger	HW_Category_Helper	HW_Flag_InvalidNodeId
Arm64	Vector128	IsPositive	HW_Category_Helper	HW_Flag_InvalidNodeId
Arm64	Vector128	IsPositiveInfinity	HW_Category_Helper	HW_Flag_InvalidNodeId
Arm64	Vector128	IsSubnormal	HW_Category_Helper	HW_Flag_InvalidNodeId
Arm64	Vector128	IsZero	HW_Category_Helper	HW_Flag_InvalidNodeId
Arm64	Vector128	LessThan	HW_Category_Helper	HW_Flag_BaseTypeFromFirstArg|HW_Flag_InvalidNodeId
Arm64	Vector128	LessThanAll	HW_Category_Helper	HW_Flag_BaseTypeFromFirstArg|HW_Flag_InvalidNodeId
Arm64	Vector128	LessThanAny	HW_Category_Helper	HW_Flag_BaseTypeFromFirstArg|HW_Flag_InvalidNodeId
Arm64	Vector128	LessThanOrEqual	HW_Category_Helper	HW_Flag_BaseTypeFromFirstArg|HW_Flag_InvalidNodeId
Arm64	Vector128	LessThanOrEqualAll	HW_Category_Helper	HW_Flag_BaseTypeFromFirstArg|HW_Flag_InvalidNodeId
Arm64	Vector128	LessThanOrEqualAny	HW_Category_Helper	HW_Flag_BaseTypeFromFirstArg|HW_Flag_InvalidNodeId
Arm64	Vector128	LoadAligned	HW_Category_Helper	HW_Flag_InvalidNodeId
Arm64	Vector128	LoadAlignedNonTemporal	HW_Category_Helper	HW_Flag_InvalidNodeId
Arm64	Vector128	LoadUnsafe	HW_Category_Helper	HW_Flag_InvalidNodeId
Arm64	Vector128	Max	HW_Category_Helper	HW_Flag_InvalidNodeId
Arm64	Vector128	MaxMagnitude	HW_Category_Helper	HW_Flag_InvalidNodeId
Arm64	Vector128	MaxMagnitudeNumber	HW_Category_Helper	HW_Flag_InvalidNodeId
Arm64	Vector128	MaxNative	HW_Category_Helper	HW_Flag_InvalidNodeId
Arm64	Vector128	MaxNumber	HW_Category_Helper	HW_Flag_InvalidNodeId
Arm64	Vector128	Min	HW_Category_Helper	HW_Flag_InvalidNodeId
Arm64	Vector128	MinMagnitude	HW_Category_Helper	HW_Flag_InvalidNodeId
Arm64	Vector128	MinMagnitudeNumber	HW_Category_Helper	HW_Flag_InvalidNodeId
Arm64	Vector128	MinNative	HW_Category_Helper	HW_Flag_InvalidNodeId
Arm64	Vector128	MinNumber	HW_Category_Helper	HW_Flag_InvalidNodeId
Arm64	Vector128	MultiplyAddEstimate	HW_Category_Helper	HW_Flag_InvalidNodeId
Arm64	Vector128	Narrow	HW_Category_Helper	HW_Flag_InvalidNodeId
Arm64	Vector128	NarrowWithSaturation	HW_Category_Helper	HW_Flag_InvalidNodeId
Arm64	Vector128	Round	HW_Category_Helper	HW_Flag_InvalidNodeId
Arm64	Vector128	ShiftLeft	HW_Category_Helper	HW_Flag_InvalidNodeId
Arm64	Vector128	Shuffle	HW_Category_Helper	HW_Flag_CanBenefitFromConstantProp|HW_Flag_SpecialCodeGen|HW_Flag_SpecialImport
Arm64	Vector128	ShuffleNative	HW_Category_Helper	HW_Flag_CanBenefitFromConstantProp|HW_Flag_SpecialCodeGen|HW_Flag_SpecialImport
Arm64	Vector128	ShuffleNativeFallback	HW_Category_Helper	HW_Flag_CanBenefitFromConstantProp|HW_Flag_SpecialCodeGen|HW_Flag_SpecialImport
Arm64	Vector128	Sqrt	HW_Category_Helper	HW_Flag_InvalidNodeId
Arm64	Vector128	StoreAligned	HW_Category_Helper	HW_Flag_BaseTypeFromFirstArg|HW_Flag_InvalidNodeId
Arm64	Vector128	StoreAlignedNonTemporal	HW_Category_Helper	HW_Flag_BaseTypeFromFirstArg|HW_Flag_InvalidNodeId
Arm64	Vector128	StoreUnsafe	HW_Category_Helper	HW_Flag_BaseTypeFromFirstArg|HW_Flag_InvalidNodeId
Arm64	Vector128	SubtractSaturate	HW_Category_Helper	HW_Flag_InvalidNodeId
Arm64	Vector128	Sum	HW_Category_Helper	HW_Flag_BaseTypeFromFirstArg|HW_Flag_InvalidNodeId
Arm64	Vector128	ToScalar	HW_Category_SIMD	HW_Flag_BaseTypeFromFirstArg|HW_Flag_SIMDScalar|HW_Flag_SpecialCodeGen
Arm64	Vector128	Truncate	HW_Category_Helper	HW_Flag_InvalidNodeId
Arm64	Vector128	WidenLower	HW_Category_Helper	HW_Flag_BaseTypeFromFirstArg|HW_Flag_InvalidNodeId
Arm64	Vector128	WidenUpper	HW_Category_Helper	HW_Flag_BaseTypeFromFirstArg|HW_Flag_InvalidNodeId
Arm64	Vector128	WithElement	HW_Category_Helper	HW_Flag_BaseTypeFromFirstArg|HW_Flag_SpecialImport
Arm64	Vector128	WithLower	HW_Category_Helper	HW_Flag_NoCodeGen|HW_Flag_SpecialImport
Arm64	Vector128	WithUpper	HW_Category_Helper	HW_Flag_NoCodeGen|HW_Flag_SpecialImport
Arm64	Vector128	get_AllBitsSet	HW_Category_Helper	HW_Flag_InvalidNodeId
Arm64	Vector128	get_Indices	HW_Category_Helper	HW_Flag_InvalidNodeId
Arm64	Vector128	get_One	HW_Category_Helper	HW_Flag_InvalidNodeId
Arm64	Vector128	get_Zero	HW_Category_Helper	HW_Flag_InvalidNodeId
Arm64	Vector128	op_Addition	HW_Category_Helper	HW_Flag_InvalidNodeId
Arm64	Vector128	op_BitwiseAnd	HW_Category_Helper	HW_Flag_Commutative|HW_Flag_InvalidNodeId
Arm64	Vector128	op_BitwiseOr	HW_Category_Helper	HW_Flag_Commutative|HW_Flag_InvalidNodeId
Arm64	Vector128	op_Division	HW_Category_Helper	HW_Flag_InvalidNodeId
Arm64	Vector128	op_Equality	HW_Category_Helper	HW_Flag_CanBenefitFromConstantProp|HW_Flag_Commutative|HW_Flag_NoCodeGen|HW_Flag_SpecialImport
Arm64	Vector128	op_ExclusiveOr	HW_Category_Helper	HW_Flag_InvalidNodeId
Arm64	Vector128	op_Inequality	HW_Category_Helper	HW_Flag_CanBenefitFromConstantProp|HW_Flag_Commutative|HW_Flag_NoCodeGen|HW_Flag_SpecialImport
Arm64	Vector128	op_LeftShift	HW_Category_Helper	HW_Flag_InvalidNodeId
Arm64	Vector128	op_Multiply	HW_Category_Helper	HW_Flag_InvalidNodeId
Arm64	Vector128	op_OnesComplement	HW_Category_Helper	HW_Flag_InvalidNodeId
Arm64	Vector128	op_RightShift	HW_Category_Helper	HW_Flag_InvalidNodeId
Arm64	Vector128	op_Subtraction	HW_Category_Helper	HW_Flag_InvalidNodeId
Arm64	Vector128	op_UnaryNegation	HW_Category_Helper	HW_Flag_InvalidNodeId
Arm64	Vector128	op_UnaryPlus	HW_Category_Helper	HW_Flag_InvalidNodeId
Arm64	Vector128	op_UnsignedRightShift	HW_Category_Helper	HW_Flag_InvalidNodeId
Arm64	Vector64	Abs	HW_Category_Helper	HW_Flag_InvalidNodeId
Arm64	Vector64	AddSaturate	HW_Category_Helper	HW_Flag_InvalidNodeId
Arm64	Vector64	AndNot	HW_Category_Helper	HW_Flag_InvalidNodeId
Arm64	Vector64	As	HW_Category_Helper	HW_Flag_BaseTypeFromFirstArg|HW_Flag_InvalidNodeId
Arm64	Vector64	AsByte	HW_Category_Helper	HW_Flag_BaseTypeFromFirstArg|HW_Flag_InvalidNodeId
Arm64	Vector64	AsDouble	HW_Category_Helper	HW_Flag_BaseTypeFromFirstArg|HW_Flag_InvalidNodeId
Arm64	Vector64	AsInt16	HW_Category_Helper	HW_Flag_BaseTypeFromFirstArg|HW_Flag_InvalidNodeId
Arm64	Vector64	AsInt32	HW_Category_Helper	HW_Flag_BaseTypeFromFirstArg|HW_Flag_InvalidNodeId
Arm64	Vector64	AsInt64	HW_Category_Helper	HW_Flag_BaseTypeFromFirstArg|HW_Flag_InvalidNodeId
Arm64	Vector64	AsNInt	HW_Category_Helper	HW_Flag_BaseTypeFromFirstArg|HW_Flag_InvalidNodeId
Arm64	Vector64	AsNUInt	HW_Category_Helper	HW_Flag_BaseTypeFromFirstArg|HW_Flag_InvalidNodeId
Arm64	Vector64	AsSByte	HW_Category_Helper	HW_Flag_BaseTypeFromFirstArg|HW_Flag_InvalidNodeId
Arm64	Vector64	AsSingle	HW_Category_Helper	HW_Flag_BaseTypeFromFirstArg|HW_Flag_InvalidNodeId
Arm64	Vector64	AsUInt16	HW_Category_Helper	HW_Flag_BaseTypeFromFirstArg|HW_Flag_InvalidNodeId
Arm64	Vector64	AsUInt32	HW_Category_Helper	HW_Flag_BaseTypeFromFirstArg|HW_Flag_InvalidNodeId
Arm64	Vector64	AsUInt64	HW_Category_Helper	HW_Flag_BaseTypeFromFirstArg|HW_Flag_InvalidNodeId
Arm64	Vector64	Ceiling	HW_Category_Helper	HW_Flag_InvalidNodeId
Arm64	Vector64	ConditionalSelect	HW_Category_Helper	HW_Flag_InvalidNodeId
Arm64	Vector64	ConvertToDouble	HW_Category_Helper	HW_Flag_BaseTypeFromFirstArg|HW_Flag_InvalidNodeId
Arm64	Vector64	ConvertToInt32	HW_Category_Helper	HW_Flag_BaseTypeFromFirstArg|HW_Flag_InvalidNodeId
Arm64	Vector64	ConvertToInt32Native	HW_Category_Helper	HW_Flag_BaseTypeFromFirstArg|HW_Flag_InvalidNodeId
Arm64	Vector64	ConvertToInt64	HW_Category_Helper	HW_Flag_BaseTypeFromFirstArg|HW_Flag_InvalidNodeId
Arm64	Vector64	ConvertToInt64Native	HW_Category_Helper	HW_Flag_BaseTypeFromFirstArg|HW_Flag_InvalidNodeId
Arm64	Vector64	ConvertToSingle	HW_Category_Helper	HW_Flag_BaseTypeFromFirstArg|HW_Flag_InvalidNodeId
Arm64	Vector64	ConvertToUInt32	HW_Category_Helper	HW_Flag_BaseTypeFromFirstArg|HW_Flag_InvalidNodeId
Arm64	Vector64	ConvertToUInt32Native	HW_Category_Helper	HW_Flag_BaseTypeFromFirstArg|HW_Flag_InvalidNodeId
Arm64	Vector64	ConvertToUInt64	HW_Category_Helper	HW_Flag_BaseTypeFromFirstArg|HW_Flag_InvalidNodeId
Arm64	Vector64	ConvertToUInt64Native	HW_Category_Helper	HW_Flag_BaseTypeFromFirstArg|HW_Flag_InvalidNodeId
Arm64	Vector64	Create	HW_Category_Helper	HW_Flag_NoCodeGen|HW_Flag_SpecialImport
Arm64	Vector64	CreateScalar	HW_Category_Helper	HW_Flag_NoCodeGen|HW_Flag_SpecialImport
Arm64	Vector64	CreateScalarUnsafe	HW_Category_SIMD	HW_Flag_SpecialCodeGen|HW_Flag_SpecialImport|HW_Flag_SupportsContainment
Arm64	Vector64	CreateSequence	HW_Category_Helper	HW_Flag_InvalidNodeId
Arm64	Vector64	Dot	HW_Category_Helper	HW_Flag_BaseTypeFromFirstArg|HW_Flag_NoCodeGen|HW_Flag_SpecialImport
Arm64	Vector64	Equals	HW_Category_Helper	HW_Flag_BaseTypeFromFirstArg|HW_Flag_InvalidNodeId
Arm64	Vector64	EqualsAny	HW_Category_Helper	HW_Flag_BaseTypeFromFirstArg|HW_Flag_InvalidNodeId
Arm64	Vector64	ExtractMostSignificantBits	HW_Category_Helper	HW_Flag_BaseTypeFromFirstArg|HW_Flag_NoCodeGen|HW_Flag_SpecialImport
Arm64	Vector64	Floor	HW_Category_Helper	HW_Flag_InvalidNodeId
Arm64	Vector64	FusedMultiplyAdd	HW_Category_Helper	HW_Flag_InvalidNodeId
Arm64	Vector64	GetElement	HW_Category_Helper	HW_Flag_BaseTypeFromFirstArg|HW_Flag_SpecialCodeGen|HW_Flag_SpecialImport|HW_Flag_SupportsContainment
Arm64	Vector64	GreaterThan	HW_Category_Helper	HW_Flag_BaseTypeFromFirstArg|HW_Flag_InvalidNodeId
Arm64	Vector64	GreaterThanAll	HW_Category_Helper	HW_Flag_BaseTypeFromFirstArg|HW_Flag_InvalidNodeId
Arm64	Vector64	GreaterThanAny	HW_Category_Helper	HW_Flag_BaseTypeFromFirstArg|HW_Flag_InvalidNodeId
Arm64	Vector64	GreaterThanOrEqual	HW_Category_Helper	HW_Flag_BaseTypeFromFirstArg|HW_Flag_InvalidNodeId
Arm64	Vector64	GreaterThanOrEqualAll	HW_Category_Helper	HW_Flag_BaseTypeFromFirstArg|HW_Flag_InvalidNodeId
Arm64	Vector64	GreaterThanOrEqualAny	HW_Category_Helper	HW_Flag_BaseTypeFromFirstArg|HW_Flag_InvalidNodeId
Arm64	Vector64	IsEvenInteger	HW_Category_Helper	HW_Flag_InvalidNodeId
Arm64	Vector64	IsFinite	HW_Category_Helper	HW_Flag_InvalidNodeId
Arm64	Vector64	IsInfinity	HW_Category_Helper	HW_Flag_InvalidNodeId
Arm64	Vector64	IsInteger	HW_Category_Helper	HW_Flag_InvalidNodeId
Arm64	Vector64	IsNaN	HW_Category_Helper	HW_Flag_InvalidNodeId
Arm64	Vector64	IsNegative	HW_Category_Helper	HW_Flag_InvalidNodeId
Arm64	Vector64	IsNegativeInfinity	HW_Category_Helper	HW_Flag_InvalidNodeId
Arm64	Vector64	IsNormal	HW_Category_Helper	HW_Flag_InvalidNodeId
Arm64	Vector64	IsOddInteger	HW_Category_Helper	HW_Flag_InvalidNodeId
Arm64	Vector64	IsPositive	HW_Category_Helper	HW_Flag_InvalidNodeId
Arm64	Vector64	IsPositiveInfinity	HW_Category_Helper	HW_Flag_InvalidNodeId
Arm64	Vector64	IsSubnormal	HW_Category_Helper	HW_Flag_InvalidNodeId
Arm64	Vector64	IsZero	HW_Category_Helper	HW_Flag_InvalidNodeId
Arm64	Vector64	LessThan	HW_Category_Helper	HW_Flag_BaseTypeFromFirstArg|HW_Flag_InvalidNodeId
Arm64	Vector64	LessThanAll	HW_Category_Helper	HW_Flag_BaseTypeFromFirstArg|HW_Flag_InvalidNodeId
Arm64	Vector64	LessThanAny	HW_Category_Helper	HW_Flag_BaseTypeFromFirstArg|HW_Flag_InvalidNodeId
Arm64	Vector64	LessThanOrEqual	HW_Category_Helper	HW_Flag_BaseTypeFromFirstArg|HW_Flag_InvalidNodeId
Arm64	Vector64	LessThanOrEqualAll	HW_Category_Helper	HW_Flag_BaseTypeFromFirstArg|HW_Flag_InvalidNodeId
Arm64	Vector64	LessThanOrEqualAny	HW_Category_Helper	HW_Flag_BaseTypeFromFirstArg|HW_Flag_InvalidNodeId
Arm64	Vector64	LoadAligned	HW_Category_Helper	HW_Flag_InvalidNodeId
Arm64	Vector64	LoadAlignedNonTemporal	HW_Category_Helper	HW_Flag_InvalidNodeId
Arm64	Vector64	LoadUnsafe	HW_Category_Helper	HW_Flag_InvalidNodeId
Arm64	Vector64	Max	HW_Category_Helper	HW_Flag_InvalidNodeId
Arm64	Vector64	MaxMagnitude	HW_Category_Helper	HW_Flag_InvalidNodeId
Arm64	Vector64	MaxMagnitudeNumber	HW_Category_Helper	HW_Flag_InvalidNodeId
Arm64	Vector64	MaxNative	HW_Category_Helper	HW_Flag_InvalidNodeId
Arm64	Vector64	MaxNumber	HW_Category_Helper	HW_Flag_InvalidNodeId
Arm64	Vector64	Min	HW_Category_Helper	HW_Flag_InvalidNodeId
Arm64	Vector64	MinMagnitude	HW_Category_Helper	HW_Flag_InvalidNodeId
Arm64	Vector64	MinMagnitudeNumber	HW_Category_Helper	HW_Flag_InvalidNodeId
Arm64	Vector64	MinNative	HW_Category_Helper	HW_Flag_InvalidNodeId
Arm64	Vector64	MinNumber	HW_Category_Helper	HW_Flag_InvalidNodeId
Arm64	Vector64	MultiplyAddEstimate	HW_Category_Helper	HW_Flag_InvalidNodeId
Arm64	Vector64	Narrow	HW_Category_Helper	HW_Flag_InvalidNodeId
Arm64	Vector64	NarrowWithSaturation	HW_Category_Helper	HW_Flag_InvalidNodeId
Arm64	Vector64	Round	HW_Category_Helper	HW_Flag_InvalidNodeId
Arm64	Vector64	ShiftLeft	HW_Category_Helper	HW_Flag_InvalidNodeId
Arm64	Vector64	Shuffle	HW_Category_Helper	HW_Flag_CanBenefitFromConstantProp|HW_Flag_SpecialCodeGen|HW_Flag_SpecialImport
Arm64	Vector64	ShuffleNative	HW_Category_Helper	HW_Flag_CanBenefitFromConstantProp|HW_Flag_SpecialCodeGen|HW_Flag_SpecialImport
Arm64	Vector64	ShuffleNativeFallback	HW_Category_Helper	HW_Flag_CanBenefitFromConstantProp|HW_Flag_SpecialCodeGen|HW_Flag_SpecialImport
Arm64	Vector64	Sqrt	HW_Category_Helper	HW_Flag_InvalidNodeId
Arm64	Vector64	StoreAligned	HW_Category_Helper	HW_Flag_BaseTypeFromFirstArg|HW_Flag_InvalidNodeId
Arm64	Vector64	StoreAlignedNonTemporal	HW_Category_Helper	HW_Flag_BaseTypeFromFirstArg|HW_Flag_InvalidNodeId
Arm64	Vector64	StoreUnsafe	HW_Category_Helper	HW_Flag_BaseTypeFromFirstArg|HW_Flag_InvalidNodeId
Arm64	Vector64	SubtractSaturate	HW_Category_Helper	HW_Flag_InvalidNodeId
Arm64	Vector64	Sum	HW_Category_Helper	HW_Flag_BaseTypeFromFirstArg|HW_Flag_InvalidNodeId
Arm64	Vector64	ToScalar	HW_Category_SIMD	HW_Flag_BaseTypeFromFirstArg|HW_Flag_SIMDScalar|HW_Flag_SpecialCodeGen
Arm64	Vector64	ToVector128	HW_Category_SIMD	HW_Flag_SpecialCodeGen
Arm64	Vector64	ToVector128Unsafe	HW_Category_SIMD	HW_Flag_SpecialCodeGen
Arm64	Vector64	Truncate	HW_Category_Helper	HW_Flag_InvalidNodeId
Arm64	Vector64	WidenLower	HW_Category_Helper	HW_Flag_BaseTypeFromFirstArg|HW_Flag_InvalidNodeId
Arm64	Vector64	WidenUpper	HW_Category_Helper	HW_Flag_BaseTypeFromFirstArg|HW_Flag_InvalidNodeId
Arm64	Vector64	WithElement	HW_Category_Helper	HW_Flag_BaseTypeFromFirstArg|HW_Flag_SpecialImport
Arm64	Vector64	get_AllBitsSet	HW_Category_Helper	HW_Flag_InvalidNodeId
Arm64	Vector64	get_Indices	HW_Category_Helper	HW_Flag_InvalidNodeId
Arm64	Vector64	get_One	HW_Category_Helper	HW_Flag_InvalidNodeId
Arm64	Vector64	get_Zero	HW_Category_Helper	HW_Flag_InvalidNodeId
Arm64	Vector64	op_Addition	HW_Category_Helper	HW_Flag_InvalidNodeId
Arm64	Vector64	op_BitwiseAnd	HW_Category_Helper	HW_Flag_Commutative|HW_Flag_InvalidNodeId
Arm64	Vector64	op_BitwiseOr	HW_Category_Helper	HW_Flag_Commutative|HW_Flag_InvalidNodeId
Arm64	Vector64	op_Division	HW_Category_Helper	HW_Flag_InvalidNodeId
Arm64	Vector64	op_Equality	HW_Category_Helper	HW_Flag_CanBenefitFromConstantProp|HW_Flag_Commutative|HW_Flag_NoCodeGen|HW_Flag_SpecialImport
Arm64	Vector64	op_ExclusiveOr	HW_Category_Helper	HW_Flag_InvalidNodeId
Arm64	Vector64	op_Inequality	HW_Category_Helper	HW_Flag_CanBenefitFromConstantProp|HW_Flag_Commutative|HW_Flag_NoCodeGen|HW_Flag_SpecialImport
Arm64	Vector64	op_LeftShift	HW_Category_Helper	HW_Flag_InvalidNodeId
Arm64	Vector64	op_Multiply	HW_Category_Helper	HW_Flag_InvalidNodeId
Arm64	Vector64	op_OnesComplement	HW_Category_Helper	HW_Flag_InvalidNodeId
Arm64	Vector64	op_RightShift	HW_Category_Helper	HW_Flag_InvalidNodeId
Arm64	Vector64	op_Subtraction	HW_Category_Helper	HW_Flag_InvalidNodeId
Arm64	Vector64	op_UnaryNegation	HW_Category_Helper	HW_Flag_InvalidNodeId
Arm64	Vector64	op_UnaryPlus	HW_Category_Helper	HW_Flag_InvalidNodeId
Arm64	Vector64	op_UnsignedRightShift	HW_Category_Helper	HW_Flag_InvalidNodeId
X64	AES	CarrylessMultiply	HW_Category_IMM	HW_Flag_FullRangeIMM
X64	AES	Decrypt	HW_Category_SimpleSIMD	HW_Flag_NoEvexSemantics
X64	AES	DecryptLast	HW_Category_SimpleSIMD	HW_Flag_NoEvexSemantics
X64	AES	Encrypt	HW_Category_SimpleSIMD	HW_Flag_NoEvexSemantics
X64	AES	EncryptLast	HW_Category_SimpleSIMD	HW_Flag_NoEvexSemantics
X64	AES	InverseMixColumns	HW_Category_SimpleSIMD	HW_Flag_NoEvexSemantics
X64	AES	KeygenAssist	HW_Category_IMM	HW_Flag_FullRangeIMM|HW_Flag_NoEvexSemantics
X64	AES_V256	CarrylessMultiply	HW_Category_IMM	HW_Flag_FullRangeIMM
X64	AES_V512	CarrylessMultiply	HW_Category_IMM	HW_Flag_FullRangeIMM
X64	AVX	Add	HW_Category_SimpleSIMD	HW_Flag_Commutative
X64	AVX	AddSubtract	HW_Category_SimpleSIMD	HW_Flag_NoEvexSemantics
X64	AVX	And	HW_Category_SimpleSIMD	HW_Flag_Commutative
X64	AVX	AndNot	HW_Category_SimpleSIMD	HW_Flag_SpecialImport
X64	AVX	Blend	HW_Category_IMM	HW_Flag_FullRangeIMM|HW_Flag_NoEvexSemantics
X64	AVX	BlendVariable	HW_Category_SimpleSIMD	HW_Flag_NoEvexSemantics|HW_Flag_SpecialImport
X64	AVX	BroadcastScalarToVector128	HW_Category_MemoryLoad	HW_Flag_NoFlag
X64	AVX	BroadcastScalarToVector256	HW_Category_MemoryLoad	HW_Flag_NoFlag
X64	AVX	BroadcastVector128ToVector256	HW_Category_MemoryLoad	HW_Flag_NoFlag
X64	AVX	Ceiling	HW_Category_SimpleSIMD	HW_Flag_NoFlag
X64	AVX	Compare	HW_Category_IMM	HW_Flag_NoEvexSemantics|HW_Flag_ReturnsPerElementMask|HW_Flag_SpecialImport
X64	AVX	CompareEqual	HW_Category_SimpleSIMD	HW_Flag_Commutative|HW_Flag_NoEvexSemantics|HW_Flag_ReturnsPerElementMask|HW_Flag_SpecialImport
X64	AVX	CompareGreaterThan	HW_Category_SimpleSIMD	HW_Flag_NoEvexSemantics|HW_Flag_ReturnsPerElementMask|HW_Flag_SpecialImport
X64	AVX	CompareGreaterThanOrEqual	HW_Category_SimpleSIMD	HW_Flag_NoEvexSemantics|HW_Flag_ReturnsPerElementMask|HW_Flag_SpecialImport
X64	AVX	CompareLessThan	HW_Category_SimpleSIMD	HW_Flag_NoEvexSemantics|HW_Flag_ReturnsPerElementMask|HW_Flag_SpecialImport
X64	AVX	CompareLessThanOrEqual	HW_Category_SimpleSIMD	HW_Flag_NoEvexSemantics|HW_Flag_ReturnsPerElementMask|HW_Flag_SpecialImport
X64	AVX	CompareNotEqual	HW_Category_SimpleSIMD	HW_Flag_Commutative|HW_Flag_NoEvexSemantics|HW_Flag_ReturnsPerElementMask|HW_Flag_SpecialImport
X64	AVX	CompareNotGreaterThan	HW_Category_SimpleSIMD	HW_Flag_NoEvexSemantics|HW_Flag_ReturnsPerElementMask|HW_Flag_SpecialImport
X64	AVX	CompareNotGreaterThanOrEqual	HW_Category_SimpleSIMD	HW_Flag_NoEvexSemantics|HW_Flag_ReturnsPerElementMask|HW_Flag_SpecialImport
X64	AVX	CompareNotLessThan	HW_Category_SimpleSIMD	HW_Flag_NoEvexSemantics|HW_Flag_ReturnsPerElementMask|HW_Flag_SpecialImport
X64	AVX	CompareNotLessThanOrEqual	HW_Category_SimpleSIMD	HW_Flag_NoEvexSemantics|HW_Flag_ReturnsPerElementMask|HW_Flag_SpecialImport
X64	AVX	CompareOrdered	HW_Category_SimpleSIMD	HW_Flag_NoEvexSemantics|HW_Flag_ReturnsPerElementMask|HW_Flag_SpecialImport
X64	AVX	CompareScalar	HW_Category_IMM	HW_Flag_CopyUpperBits|HW_Flag_NoEvexSemantics|HW_Flag_SpecialImport
X64	AVX	CompareUnordered	HW_Category_SimpleSIMD	HW_Flag_NoEvexSemantics|HW_Flag_ReturnsPerElementMask|HW_Flag_SpecialImport
X64	AVX	ConvertToVector128Int32	HW_Category_SimpleSIMD	HW_Flag_NoFlag
X64	AVX	ConvertToVector128Int32WithTruncation	HW_Category_SimpleSIMD	HW_Flag_NoFlag
X64	AVX	ConvertToVector128Single	HW_Category_SimpleSIMD	HW_Flag_BaseTypeFromFirstArg
X64	AVX	ConvertToVector256Double	HW_Category_SimpleSIMD	HW_Flag_BaseTypeFromFirstArg
X64	AVX	ConvertToVector256Int32	HW_Category_SimpleSIMD	HW_Flag_NoFlag
X64	AVX	ConvertToVector256Int32WithTruncation	HW_Category_SimpleSIMD	HW_Flag_BaseTypeFromFirstArg
X64	AVX	ConvertToVector256Single	HW_Category_SimpleSIMD	HW_Flag_BaseTypeFromFirstArg
X64	AVX	Divide	HW_Category_SimpleSIMD	HW_Flag_NoFlag
X64	AVX	DotProduct	HW_Category_IMM	HW_Flag_FullRangeIMM|HW_Flag_NoEvexSemantics
X64	AVX	DuplicateEvenIndexed	HW_Category_SimpleSIMD	HW_Flag_NoFlag
X64	AVX	DuplicateOddIndexed	HW_Category_SimpleSIMD	HW_Flag_NoFlag
X64	AVX	ExtractVector128	HW_Category_IMM	HW_Flag_FullRangeIMM|HW_Flag_NormalizeSmallTypeToInt
X64	AVX	Floor	HW_Category_SimpleSIMD	HW_Flag_NoFlag
X64	AVX	HorizontalAdd	HW_Category_SimpleSIMD	HW_Flag_NoEvexSemantics
X64	AVX	HorizontalSubtract	HW_Category_SimpleSIMD	HW_Flag_NoEvexSemantics
X64	AVX	InsertVector128	HW_Category_IMM	HW_Flag_FullRangeIMM|HW_Flag_NormalizeSmallTypeToInt
X64	AVX	LoadAlignedVector256	HW_Category_MemoryLoad	HW_Flag_NormalizeSmallTypeToInt
X64	AVX	LoadDquVector256	HW_Category_MemoryLoad	HW_Flag_NoEvexSemantics|HW_Flag_NormalizeSmallTypeToInt
X64	AVX	LoadVector256	HW_Category_Helper	HW_Flag_InvalidNodeId
X64	AVX	MaskLoad	HW_Category_MemoryLoad	HW_Flag_NoEvexSemantics
X64	AVX	MaskStore	HW_Category_MemoryStore	HW_Flag_BaseTypeFromSecondArg|HW_Flag_NoContainment|HW_Flag_NoEvexSemantics
X64	AVX	Max	HW_Category_SimpleSIMD	HW_Flag_MaybeCommutative
X64	AVX	Min	HW_Category_SimpleSIMD	HW_Flag_MaybeCommutative
X64	AVX	MoveMask	HW_Category_SimpleSIMD	HW_Flag_BaseTypeFromFirstArg|HW_Flag_NoContainment|HW_Flag_NoEvexSemantics
X64	AVX	Multiply	HW_Category_SimpleSIMD	HW_Flag_Commutative
X64	AVX	Or	HW_Category_SimpleSIMD	HW_Flag_Commutative
X64	AVX	PTEST	HW_Category_SimpleSIMD	HW_Flag_NoEvexSemantics
X64	AVX	Permute	HW_Category_IMM	HW_Flag_FullRangeIMM
X64	AVX	Permute2x128	HW_Category_IMM	HW_Flag_FullRangeIMM|HW_Flag_NoEvexSemantics
X64	AVX	PermuteVar	HW_Category_SimpleSIMD	HW_Flag_NoFlag
X64	AVX	Reciprocal	HW_Category_SimpleSIMD	HW_Flag_NoEvexSemantics
X64	AVX	ReciprocalSqrt	HW_Category_SimpleSIMD	HW_Flag_NoEvexSemantics
X64	AVX	RoundCurrentDirection	HW_Category_SimpleSIMD	HW_Flag_NoFlag
X64	AVX	RoundToNearestInteger	HW_Category_SimpleSIMD	HW_Flag_NoFlag
X64	AVX	RoundToNegativeInfinity	HW_Category_SimpleSIMD	HW_Flag_NoFlag
X64	AVX	RoundToPositiveInfinity	HW_Category_SimpleSIMD	HW_Flag_NoFlag
X64	AVX	RoundToZero	HW_Category_SimpleSIMD	HW_Flag_NoFlag
X64	AVX	Shuffle	HW_Category_IMM	HW_Flag_FullRangeIMM
X64	AVX	Sqrt	HW_Category_SimpleSIMD	HW_Flag_NoFlag
X64	AVX	Store	HW_Category_Helper	HW_Flag_BaseTypeFromSecondArg|HW_Flag_InvalidNodeId
X64	AVX	StoreAligned	HW_Category_MemoryStore	HW_Flag_BaseTypeFromSecondArg|HW_Flag_NormalizeSmallTypeToInt
X64	AVX	StoreAlignedNonTemporal	HW_Category_MemoryStore	HW_Flag_BaseTypeFromSecondArg|HW_Flag_NormalizeSmallTypeToInt
X64	AVX	Subtract	HW_Category_SimpleSIMD	HW_Flag_NoFlag
X64	AVX	TestC	HW_Category_SimpleSIMD	HW_Flag_BaseTypeFromFirstArg|HW_Flag_NoEvexSemantics|HW_Flag_NormalizeSmallTypeToInt
X64	AVX	TestNotZAndNotC	HW_Category_SimpleSIMD	HW_Flag_BaseTypeFromFirstArg|HW_Flag_NoEvexSemantics|HW_Flag_NormalizeSmallTypeToInt
X64	AVX	TestZ	HW_Category_SimpleSIMD	HW_Flag_BaseTypeFromFirstArg|HW_Flag_NoEvexSemantics|HW_Flag_NormalizeSmallTypeToInt
X64	AVX	UnpackHigh	HW_Category_SimpleSIMD	HW_Flag_NoFlag
X64	AVX	UnpackLow	HW_Category_SimpleSIMD	HW_Flag_NoFlag
X64	AVX	Xor	HW_Category_SimpleSIMD	HW_Flag_CanBenefitFromConstantProp|HW_Flag_Commutative
X64	AVX10v2	ConvertToByteWithSaturationAndZeroExtendToInt32	HW_Category_SimpleSIMD	HW_Flag_BaseTypeFromFirstArg|HW_Flag_EmbRoundingCompatible
X64	AVX10v2	ConvertToByteWithTruncatedSaturationAndZeroExtendToInt32	HW_Category_SimpleSIMD	HW_Flag_BaseTypeFromFirstArg
X64	AVX10v2	ConvertToSByteWithSaturationAndZeroExtendToInt32	HW_Category_SimpleSIMD	HW_Flag_BaseTypeFromFirstArg|HW_Flag_EmbRoundingCompatible
X64	AVX10v2	ConvertToSByteWithTruncatedSaturationAndZeroExtendToInt32	HW_Category_SimpleSIMD	HW_Flag_BaseTypeFromFirstArg
X64	AVX10v2	ConvertToVectorInt32WithTruncationSaturation	HW_Category_SimpleSIMD	HW_Flag_BaseTypeFromFirstArg
X64	AVX10v2	ConvertToVectorInt64WithTruncationSaturation	HW_Category_SimpleSIMD	HW_Flag_BaseTypeFromFirstArg
X64	AVX10v2	ConvertToVectorUInt32WithTruncationSaturation	HW_Category_SimpleSIMD	HW_Flag_BaseTypeFromFirstArg
X64	AVX10v2	ConvertToVectorUInt64WithTruncationSaturation	HW_Category_SimpleSIMD	HW_Flag_BaseTypeFromFirstArg
X64	AVX10v2	MinMax	HW_Category_IMM	HW_Flag_BaseTypeFromFirstArg
X64	AVX10v2	MinMaxScalar	HW_Category_IMM	HW_Flag_BaseTypeFromFirstArg
X64	AVX10v2	MoveScalar	HW_Category_SIMDScalar	HW_Flag_NoContainment
X64	AVX10v2	MultipleSumAbsoluteDifferences	HW_Category_IMM	HW_Flag_FullRangeIMM
X64	AVX10v2	StoreScalar	HW_Category_MemoryStore	HW_Flag_BaseTypeFromSecondArg|HW_Flag_NoRMWSemantics
X64	AVX2	Abs	HW_Category_SimpleSIMD	HW_Flag_BaseTypeFromFirstArg
X64	AVX2	Add	HW_Category_SimpleSIMD	HW_Flag_Commutative
X64	AVX2	AddSaturate	HW_Category_SimpleSIMD	HW_Flag_Commutative
X64	AVX2	AlignRight	HW_Category_IMM	HW_Flag_FullRangeIMM|HW_Flag_NormalizeSmallTypeToInt
X64	AVX2	And	HW_Category_SimpleSIMD	HW_Flag_Commutative|HW_Flag_NormalizeSmallTypeToInt
X64	AVX2	AndNot	HW_Category_Special	HW_Flag_InvalidNodeId|HW_Flag_NoFloatingPointUsed
X64	AVX2	AndNotScalar	HW_Category_Scalar	HW_Flag_NoEvexSemantics|HW_Flag_NoFloatingPointUsed
X64	AVX2	AndNotVector	HW_Category_SimpleSIMD	HW_Flag_NormalizeSmallTypeToInt
X64	AVX2	Average	HW_Category_SimpleSIMD	HW_Flag_Commutative
X64	AVX2	BitFieldExtract	HW_Category_Scalar	HW_Flag_NoEvexSemantics|HW_Flag_NoFloatingPointUsed|HW_Flag_SpecialCodeGen|HW_Flag_SpecialImport
X64	AVX2	Blend	HW_Category_IMM	HW_Flag_FullRangeIMM|HW_Flag_NoEvexSemantics
X64	AVX2	BlendVariable	HW_Category_SimpleSIMD	HW_Flag_NoEvexSemantics|HW_Flag_NormalizeSmallTypeToInt|HW_Flag_SpecialImport
X64	AVX2	BroadcastScalarToVector128	HW_Category_SIMDScalar	HW_Flag_MaybeMemoryLoad
X64	AVX2	BroadcastScalarToVector256	HW_Category_SIMDScalar	HW_Flag_MaybeMemoryLoad
X64	AVX2	BroadcastVector128ToVector256	HW_Category_MemoryLoad	HW_Flag_NormalizeSmallTypeToInt
X64	AVX2	CompareEqual	HW_Category_SimpleSIMD	HW_Flag_Commutative|HW_Flag_NoEvexSemantics|HW_Flag_ReturnsPerElementMask|HW_Flag_SpecialImport
X64	AVX2	CompareGreaterThan	HW_Category_SimpleSIMD	HW_Flag_NoEvexSemantics|HW_Flag_ReturnsPerElementMask|HW_Flag_SpecialImport
X64	AVX2	CompareLessThan	HW_Category_SimpleSIMD	HW_Flag_NoEvexSemantics|HW_Flag_ReturnsPerElementMask|HW_Flag_SpecialImport
X64	AVX2	ConvertToInt32	HW_Category_SIMDScalar	HW_Flag_BaseTypeFromFirstArg|HW_Flag_SpecialCodeGen
X64	AVX2	ConvertToUInt32	HW_Category_SIMDScalar	HW_Flag_BaseTypeFromFirstArg|HW_Flag_SpecialCodeGen
X64	AVX2	ConvertToVector256Int16	HW_Category_SimpleSIMD	HW_Flag_BaseTypeFromFirstArg|HW_Flag_MaybeMemoryLoad|HW_Flag_SpecialCodeGen
X64	AVX2	ConvertToVector256Int32	HW_Category_SimpleSIMD	HW_Flag_BaseTypeFromFirstArg|HW_Flag_MaybeMemoryLoad|HW_Flag_SpecialCodeGen
X64	AVX2	ConvertToVector256Int64	HW_Category_SimpleSIMD	HW_Flag_BaseTypeFromFirstArg|HW_Flag_MaybeMemoryLoad|HW_Flag_SpecialCodeGen
X64	AVX2	ExtractLowestSetBit	HW_Category_Scalar	HW_Flag_NoEvexSemantics|HW_Flag_NoFloatingPointUsed
X64	AVX2	ExtractVector128	HW_Category_IMM	HW_Flag_FullRangeIMM|HW_Flag_NormalizeSmallTypeToInt
X64	AVX2	GatherMaskVector128	HW_Category_IMM	HW_Flag_MaybeMemoryLoad|HW_Flag_NoContainment|HW_Flag_NoEvexSemantics|HW_Flag_SpecialCodeGen|HW_Flag_SpecialImport
X64	AVX2	GatherMaskVector256	HW_Category_IMM	HW_Flag_MaybeMemoryLoad|HW_Flag_NoContainment|HW_Flag_NoEvexSemantics|HW_Flag_SpecialCodeGen|HW_Flag_SpecialImport
X64	AVX2	GatherVector128	HW_Category_IMM	HW_Flag_MaybeMemoryLoad|HW_Flag_NoContainment|HW_Flag_NoEvexSemantics|HW_Flag_SpecialCodeGen
X64	AVX2	GatherVector256	HW_Category_IMM	HW_Flag_MaybeMemoryLoad|HW_Flag_NoContainment|HW_Flag_NoEvexSemantics|HW_Flag_SpecialCodeGen
X64	AVX2	GetMaskUpToLowestSetBit	HW_Category_Scalar	HW_Flag_NoFloatingPointUsed
X64	AVX2	HorizontalAdd	HW_Category_SimpleSIMD	HW_Flag_NoEvexSemantics
X64	AVX2	HorizontalAddSaturate	HW_Category_SimpleSIMD	HW_Flag_NoEvexSemantics
X64	AVX2	HorizontalSubtract	HW_Category_SimpleSIMD	HW_Flag_NoEvexSemantics
X64	AVX2	HorizontalSubtractSaturate	HW_Category_SimpleSIMD	HW_Flag_NoEvexSemantics
X64	AVX2	InsertVector128	HW_Category_IMM	HW_Flag_FullRangeIMM|HW_Flag_NormalizeSmallTypeToInt
X64	AVX2	LeadingZeroCount	HW_Category_Scalar	HW_Flag_NoFloatingPointUsed|HW_Flag_NoRMWSemantics|HW_Flag_SpecialCodeGen
X64	AVX2	LoadAlignedVector256NonTemporal	HW_Category_MemoryLoad	HW_Flag_NormalizeSmallTypeToInt
X64	AVX2	MaskLoad	HW_Category_MemoryLoad	HW_Flag_NoEvexSemantics
X64	AVX2	MaskStore	HW_Category_MemoryStore	HW_Flag_BaseTypeFromSecondArg|HW_Flag_NoContainment|HW_Flag_NoEvexSemantics
X64	AVX2	Max	HW_Category_SimpleSIMD	HW_Flag_Commutative
X64	AVX2	Min	HW_Category_SimpleSIMD	HW_Flag_Commutative
X64	AVX2	MoveMask	HW_Category_SimpleSIMD	HW_Flag_BaseTypeFromFirstArg|HW_Flag_NoContainment|HW_Flag_NoEvexSemantics
X64	AVX2	MultipleSumAbsoluteDifferences	HW_Category_IMM	HW_Flag_FullRangeIMM|HW_Flag_NoEvexSemantics
X64	AVX2	Multiply	HW_Category_SimpleSIMD	HW_Flag_Commutative
X64	AVX2	MultiplyAdd	HW_Category_SimpleSIMD	HW_Flag_FmaIntrinsic|HW_Flag_RmwIntrinsic|HW_Flag_SpecialCodeGen
X64	AVX2	MultiplyAddAdjacent	HW_Category_SimpleSIMD	HW_Flag_NoFlag
X64	AVX2	MultiplyAddNegated	HW_Category_SimpleSIMD	HW_Flag_FmaIntrinsic|HW_Flag_RmwIntrinsic|HW_Flag_SpecialCodeGen
X64	AVX2	MultiplyAddNegatedScalar	HW_Category_SIMDScalar	HW_Flag_CopyUpperBits|HW_Flag_FmaIntrinsic|HW_Flag_RmwIntrinsic|HW_Flag_SpecialCodeGen
X64	AVX2	MultiplyAddScalar	HW_Category_SIMDScalar	HW_Flag_CopyUpperBits|HW_Flag_FmaIntrinsic|HW_Flag_RmwIntrinsic|HW_Flag_SpecialCodeGen
X64	AVX2	MultiplyAddSubtract	HW_Category_SimpleSIMD	HW_Flag_FmaIntrinsic|HW_Flag_RmwIntrinsic|HW_Flag_SpecialCodeGen
X64	AVX2	MultiplyHigh	HW_Category_SimpleSIMD	HW_Flag_Commutative
X64	AVX2	MultiplyHighRoundScale	HW_Category_SimpleSIMD	HW_Flag_NoFlag
X64	AVX2	MultiplyLow	HW_Category_SimpleSIMD	HW_Flag_Commutative
X64	AVX2	MultiplyNoFlags	HW_Category_Scalar	HW_Flag_MaybeCommutative|HW_Flag_MaybeMemoryStore|HW_Flag_NoContainment|HW_Flag_NoEvexSemantics|HW_Flag_NoFloatingPointUsed|HW_Flag_SpecialCodeGen
X64	AVX2	MultiplySubtract	HW_Category_SimpleSIMD	HW_Flag_FmaIntrinsic|HW_Flag_RmwIntrinsic|HW_Flag_SpecialCodeGen
X64	AVX2	MultiplySubtractAdd	HW_Category_SimpleSIMD	HW_Flag_FmaIntrinsic|HW_Flag_RmwIntrinsic|HW_Flag_SpecialCodeGen
X64	AVX2	MultiplySubtractNegated	HW_Category_SimpleSIMD	HW_Flag_FmaIntrinsic|HW_Flag_RmwIntrinsic|HW_Flag_SpecialCodeGen
X64	AVX2	MultiplySubtractNegatedScalar	HW_Category_SIMDScalar	HW_Flag_CopyUpperBits|HW_Flag_FmaIntrinsic|HW_Flag_RmwIntrinsic|HW_Flag_SpecialCodeGen
X64	AVX2	MultiplySubtractScalar	HW_Category_SIMDScalar	HW_Flag_CopyUpperBits|HW_Flag_FmaIntrinsic|HW_Flag_RmwIntrinsic|HW_Flag_SpecialCodeGen
X64	AVX2	Or	HW_Category_SimpleSIMD	HW_Flag_Commutative|HW_Flag_NormalizeSmallTypeToInt
X64	AVX2	PackSignedSaturate	HW_Category_SimpleSIMD	HW_Flag_NoFlag
X64	AVX2	PackUnsignedSaturate	HW_Category_SimpleSIMD	HW_Flag_NoFlag
X64	AVX2	ParallelBitDeposit	HW_Category_Scalar	HW_Flag_NoEvexSemantics|HW_Flag_NoFloatingPointUsed
X64	AVX2	ParallelBitExtract	HW_Category_Scalar	HW_Flag_NoEvexSemantics|HW_Flag_NoFloatingPointUsed
X64	AVX2	Permute2x128	HW_Category_IMM	HW_Flag_FullRangeIMM|HW_Flag_NoEvexSemantics
X64	AVX2	Permute4x64	HW_Category_IMM	HW_Flag_FullRangeIMM
X64	AVX2	PermuteVar8x32	HW_Category_SimpleSIMD	HW_Flag_SpecialImport
X64	AVX2	ResetLowestSetBit	HW_Category_Scalar	HW_Flag_NoFloatingPointUsed
X64	AVX2	ShiftLeftLogical	HW_Category_IMM	HW_Flag_FullRangeIMM|HW_Flag_MaybeIMM|HW_Flag_NoJmpTableIMM
X64	AVX2	ShiftLeftLogical128BitLane	HW_Category_IMM	HW_Flag_FullRangeIMM|HW_Flag_NormalizeSmallTypeToInt
X64	AVX2	ShiftLeftLogicalVariable	HW_Category_SimpleSIMD	HW_Flag_NoFlag
X64	AVX2	ShiftRightArithmetic	HW_Category_IMM	HW_Flag_FullRangeIMM|HW_Flag_MaybeIMM|HW_Flag_NoJmpTableIMM
X64	AVX2	ShiftRightArithmeticVariable	HW_Category_SimpleSIMD	HW_Flag_NoFlag
X64	AVX2	ShiftRightLogical	HW_Category_IMM	HW_Flag_FullRangeIMM|HW_Flag_MaybeIMM|HW_Flag_NoJmpTableIMM
X64	AVX2	ShiftRightLogical128BitLane	HW_Category_IMM	HW_Flag_FullRangeIMM|HW_Flag_NormalizeSmallTypeToInt
X64	AVX2	ShiftRightLogicalVariable	HW_Category_SimpleSIMD	HW_Flag_NoFlag
X64	AVX2	Shuffle	HW_Category_IMM	HW_Flag_FullRangeIMM|HW_Flag_MaybeIMM
X64	AVX2	ShuffleHigh	HW_Category_IMM	HW_Flag_FullRangeIMM
X64	AVX2	ShuffleLow	HW_Category_IMM	HW_Flag_FullRangeIMM
X64	AVX2	Sign	HW_Category_SimpleSIMD	HW_Flag_NoEvexSemantics
X64	AVX2	Subtract	HW_Category_SimpleSIMD	HW_Flag_NoFlag
X64	AVX2	SubtractSaturate	HW_Category_SimpleSIMD	HW_Flag_NoFlag
X64	AVX2	SumAbsoluteDifferences	HW_Category_SimpleSIMD	HW_Flag_NoFlag
X64	AVX2	TrailingZeroCount	HW_Category_Scalar	HW_Flag_NoFloatingPointUsed|HW_Flag_SpecialCodeGen
X64	AVX2	UnpackHigh	HW_Category_SimpleSIMD	HW_Flag_NoFlag
X64	AVX2	UnpackLow	HW_Category_SimpleSIMD	HW_Flag_NoFlag
X64	AVX2	Xor	HW_Category_SimpleSIMD	HW_Flag_CanBenefitFromConstantProp|HW_Flag_Commutative|HW_Flag_NormalizeSmallTypeToInt
X64	AVX2	ZeroHighBits	HW_Category_Scalar	HW_Flag_NoEvexSemantics|HW_Flag_NoFloatingPointUsed|HW_Flag_SpecialImport
X64	AVX2_X64	AndNot	HW_Category_Scalar	HW_Flag_NoEvexSemantics|HW_Flag_NoFloatingPointUsed|HW_Flag_SpecialImport
X64	AVX2_X64	BitFieldExtract	HW_Category_Scalar	HW_Flag_NoEvexSemantics|HW_Flag_NoFloatingPointUsed|HW_Flag_SpecialCodeGen|HW_Flag_SpecialImport
X64	AVX2_X64	ExtractLowestSetBit	HW_Category_Scalar	HW_Flag_NoEvexSemantics|HW_Flag_NoFloatingPointUsed
X64	AVX2_X64	GetMaskUpToLowestSetBit	HW_Category_Scalar	HW_Flag_NoFloatingPointUsed
X64	AVX2_X64	LeadingZeroCount	HW_Category_Scalar	HW_Flag_NoFloatingPointUsed|HW_Flag_NoRMWSemantics|HW_Flag_SpecialCodeGen
X64	AVX2_X64	MultiplyNoFlags	HW_Category_Scalar	HW_Flag_MaybeCommutative|HW_Flag_MaybeMemoryStore|HW_Flag_NoContainment|HW_Flag_NoEvexSemantics|HW_Flag_NoFloatingPointUsed|HW_Flag_SpecialCodeGen
X64	AVX2_X64	ParallelBitDeposit	HW_Category_Scalar	HW_Flag_NoEvexSemantics|HW_Flag_NoFloatingPointUsed
X64	AVX2_X64	ParallelBitExtract	HW_Category_Scalar	HW_Flag_NoEvexSemantics|HW_Flag_NoFloatingPointUsed
X64	AVX2_X64	ResetLowestSetBit	HW_Category_Scalar	HW_Flag_NoFloatingPointUsed
X64	AVX2_X64	TrailingZeroCount	HW_Category_Scalar	HW_Flag_NoFloatingPointUsed|HW_Flag_SpecialCodeGen
X64	AVX2_X64	ZeroHighBits	HW_Category_Scalar	HW_Flag_NoEvexSemantics|HW_Flag_NoFloatingPointUsed|HW_Flag_SpecialImport
X64	AVX512	Abs	HW_Category_SimpleSIMD	HW_Flag_BaseTypeFromFirstArg
X64	AVX512	Add	HW_Category_SimpleSIMD	HW_Flag_EmbRoundingCompatible|HW_Flag_MaybeCommutative
X64	AVX512	AddMask	HW_Category_Special	HW_Flag_Commutative|HW_Flag_NoContainment|HW_Flag_ReturnsPerElementMask
X64	AVX512	AddSaturate	HW_Category_SimpleSIMD	HW_Flag_Commutative
X64	AVX512	AddScalar	HW_Category_SIMDScalar	HW_Flag_CopyUpperBits|HW_Flag_EmbRoundingCompatible
X64	AVX512	AlignRight	HW_Category_IMM	HW_Flag_FullRangeIMM
X64	AVX512	AlignRight32	HW_Category_IMM	HW_Flag_FullRangeIMM
X64	AVX512	AlignRight64	HW_Category_IMM	HW_Flag_FullRangeIMM
X64	AVX512	And	HW_Category_SimpleSIMD	HW_Flag_Commutative|HW_Flag_NormalizeSmallTypeToInt
X64	AVX512	AndMask	HW_Category_Special	HW_Flag_Commutative|HW_Flag_NoContainment|HW_Flag_ReturnsPerElementMask
X64	AVX512	AndNot	HW_Category_SimpleSIMD	HW_Flag_NormalizeSmallTypeToInt|HW_Flag_SpecialImport
X64	AVX512	AndNotMask	HW_Category_Special	HW_Flag_NoContainment|HW_Flag_ReturnsPerElementMask
X64	AVX512	Average	HW_Category_SimpleSIMD	HW_Flag_Commutative
X64	AVX512	BlendVariable	HW_Category_SimpleSIMD	HW_Flag_InvalidNodeId
X64	AVX512	BlendVariableMask	HW_Category_SimpleSIMD	HW_Flag_NoFlag
X64	AVX512	BroadcastPairScalarToVector128	HW_Category_SimpleSIMD	HW_Flag_NoFlag
X64	AVX512	BroadcastPairScalarToVector256	HW_Category_SimpleSIMD	HW_Flag_NoFlag
X64	AVX512	BroadcastPairScalarToVector512	HW_Category_SimpleSIMD	HW_Flag_NoFlag
X64	AVX512	BroadcastScalarToVector512	HW_Category_SIMDScalar	HW_Flag_NoFlag
X64	AVX512	BroadcastVector128ToVector512	HW_Category_MemoryLoad	HW_Flag_NoFlag
X64	AVX512	BroadcastVector256ToVector512	HW_Category_MemoryLoad	HW_Flag_NoFlag
X64	AVX512	Classify	HW_Category_IMM	HW_Flag_FullRangeIMM|HW_Flag_InvalidNodeId
X64	AVX512	ClassifyMask	HW_Category_IMM	HW_Flag_FullRangeIMM|HW_Flag_ReturnsPerElementMask
X64	AVX512	ClassifyScalar	HW_Category_IMM	HW_Flag_FullRangeIMM|HW_Flag_InvalidNodeId
X64	AVX512	ClassifyScalarMask	HW_Category_IMM	HW_Flag_FullRangeIMM|HW_Flag_ReturnsPerElementMask
X64	AVX512	Compare	HW_Category_IMM	HW_Flag_InvalidNodeId
X64	AVX512	CompareEqual	HW_Category_SimpleSIMD	HW_Flag_InvalidNodeId
X64	AVX512	CompareEqualMask	HW_Category_SimpleSIMD	HW_Flag_CanBenefitFromConstantProp|HW_Flag_Commutative|HW_Flag_ReturnsPerElementMask
X64	AVX512	CompareGreaterThan	HW_Category_SimpleSIMD	HW_Flag_InvalidNodeId
X64	AVX512	CompareGreaterThanMask	HW_Category_SimpleSIMD	HW_Flag_ReturnsPerElementMask
X64	AVX512	CompareGreaterThanOrEqual	HW_Category_SimpleSIMD	HW_Flag_InvalidNodeId
X64	AVX512	CompareGreaterThanOrEqualMask	HW_Category_SimpleSIMD	HW_Flag_ReturnsPerElementMask
X64	AVX512	CompareLessThan	HW_Category_SimpleSIMD	HW_Flag_InvalidNodeId
X64	AVX512	CompareLessThanMask	HW_Category_SimpleSIMD	HW_Flag_ReturnsPerElementMask
X64	AVX512	CompareLessThanOrEqual	HW_Category_SimpleSIMD	HW_Flag_InvalidNodeId
X64	AVX512	CompareLessThanOrEqualMask	HW_Category_SimpleSIMD	HW_Flag_ReturnsPerElementMask
X64	AVX512	CompareMask	HW_Category_IMM	HW_Flag_ReturnsPerElementMask
X64	AVX512	CompareNotEqual	HW_Category_SimpleSIMD	HW_Flag_InvalidNodeId
X64	AVX512	CompareNotEqualMask	HW_Category_SimpleSIMD	HW_Flag_CanBenefitFromConstantProp|HW_Flag_Commutative|HW_Flag_ReturnsPerElementMask
X64	AVX512	CompareNotGreaterThan	HW_Category_SimpleSIMD	HW_Flag_InvalidNodeId
X64	AVX512	CompareNotGreaterThanMask	HW_Category_SimpleSIMD	HW_Flag_ReturnsPerElementMask
X64	AVX512	CompareNotGreaterThanOrEqual	HW_Category_SimpleSIMD	HW_Flag_InvalidNodeId
X64	AVX512	CompareNotGreaterThanOrEqualMask	HW_Category_SimpleSIMD	HW_Flag_ReturnsPerElementMask
X64	AVX512	CompareNotLessThan	HW_Category_SimpleSIMD	HW_Flag_InvalidNodeId
X64	AVX512	CompareNotLessThanMask	HW_Category_SimpleSIMD	HW_Flag_ReturnsPerElementMask
X64	AVX512	CompareNotLessThanOrEqual	HW_Category_SimpleSIMD	HW_Flag_InvalidNodeId
X64	AVX512	CompareNotLessThanOrEqualMask	HW_Category_SimpleSIMD	HW_Flag_ReturnsPerElementMask
X64	AVX512	CompareOrdered	HW_Category_SimpleSIMD	HW_Flag_InvalidNodeId
X64	AVX512	CompareOrderedMask	HW_Category_SimpleSIMD	HW_Flag_ReturnsPerElementMask
X64	AVX512	CompareUnordered	HW_Category_SimpleSIMD	HW_Flag_InvalidNodeId
X64	AVX512	CompareUnorderedMask	HW_Category_SimpleSIMD	HW_Flag_ReturnsPerElementMask
X64	AVX512	Compress	HW_Category_SimpleSIMD	HW_Flag_InvalidNodeId
X64	AVX512	CompressMask	HW_Category_SimpleSIMD	HW_Flag_BaseTypeFromSecondArg
X64	AVX512	CompressStore	HW_Category_MemoryStore	HW_Flag_BaseTypeFromSecondArg|HW_Flag_InvalidNodeId
X64	AVX512	CompressStoreMask	HW_Category_MemoryStore	HW_Flag_NoFlag
X64	AVX512	ConvertMaskToVector	HW_Category_SimpleSIMD	HW_Flag_NoContainment|HW_Flag_ReturnsPerElementMask
X64	AVX512	ConvertScalarToVector128Double	HW_Category_SIMDScalar	HW_Flag_BaseTypeFromSecondArg|HW_Flag_CopyUpperBits
X64	AVX512	ConvertScalarToVector128Single	HW_Category_SIMDScalar	HW_Flag_BaseTypeFromSecondArg|HW_Flag_CopyUpperBits|HW_Flag_EmbRoundingCompatible
X64	AVX512	ConvertToInt32	HW_Category_SIMDScalar	HW_Flag_BaseTypeFromFirstArg|HW_Flag_EmbRoundingCompatible|HW_Flag_SpecialCodeGen
X64	AVX512	ConvertToUInt32	HW_Category_SIMDScalar	HW_Flag_BaseTypeFromFirstArg|HW_Flag_EmbRoundingCompatible|HW_Flag_SpecialCodeGen
X64	AVX512	ConvertToUInt32WithTruncation	HW_Category_SIMDScalar	HW_Flag_BaseTypeFromFirstArg|HW_Flag_SpecialCodeGen
X64	AVX512	ConvertToVector128Byte	HW_Category_SimpleSIMD	HW_Flag_BaseTypeFromFirstArg|HW_Flag_SpecialCodeGen
X64	AVX512	ConvertToVector128ByteWithSaturation	HW_Category_SimpleSIMD	HW_Flag_BaseTypeFromFirstArg|HW_Flag_SpecialCodeGen
X64	AVX512	ConvertToVector128Double	HW_Category_SimpleSIMD	HW_Flag_BaseTypeFromFirstArg
X64	AVX512	ConvertToVector128Int16	HW_Category_SimpleSIMD	HW_Flag_BaseTypeFromFirstArg|HW_Flag_SpecialCodeGen
X64	AVX512	ConvertToVector128Int16WithSaturation	HW_Category_SimpleSIMD	HW_Flag_BaseTypeFromFirstArg|HW_Flag_SpecialCodeGen
X64	AVX512	ConvertToVector128Int32	HW_Category_SimpleSIMD	HW_Flag_BaseTypeFromFirstArg|HW_Flag_SpecialCodeGen
X64	AVX512	ConvertToVector128Int32WithSaturation	HW_Category_SimpleSIMD	HW_Flag_BaseTypeFromFirstArg|HW_Flag_SpecialCodeGen
X64	AVX512	ConvertToVector128Int64	HW_Category_SimpleSIMD	HW_Flag_BaseTypeFromFirstArg
X64	AVX512	ConvertToVector128Int64WithTruncation	HW_Category_SimpleSIMD	HW_Flag_BaseTypeFromFirstArg
X64	AVX512	ConvertToVector128SByte	HW_Category_SimpleSIMD	HW_Flag_BaseTypeFromFirstArg|HW_Flag_SpecialCodeGen
X64	AVX512	ConvertToVector128SByteWithSaturation	HW_Category_SimpleSIMD	HW_Flag_BaseTypeFromFirstArg|HW_Flag_SpecialCodeGen
X64	AVX512	ConvertToVector128Single	HW_Category_SimpleSIMD	HW_Flag_BaseTypeFromFirstArg
X64	AVX512	ConvertToVector128UInt16	HW_Category_SimpleSIMD	HW_Flag_BaseTypeFromFirstArg|HW_Flag_SpecialCodeGen
X64	AVX512	ConvertToVector128UInt16WithSaturation	HW_Category_SimpleSIMD	HW_Flag_BaseTypeFromFirstArg|HW_Flag_SpecialCodeGen
X64	AVX512	ConvertToVector128UInt32	HW_Category_SimpleSIMD	HW_Flag_BaseTypeFromFirstArg|HW_Flag_SpecialCodeGen
X64	AVX512	ConvertToVector128UInt32WithSaturation	HW_Category_SimpleSIMD	HW_Flag_BaseTypeFromFirstArg|HW_Flag_SpecialCodeGen
X64	AVX512	ConvertToVector128UInt32WithTruncation	HW_Category_SimpleSIMD	HW_Flag_BaseTypeFromFirstArg
X64	AVX512	ConvertToVector128UInt64	HW_Category_SimpleSIMD	HW_Flag_BaseTypeFromFirstArg
X64	AVX512	ConvertToVector128UInt64WithTruncation	HW_Category_SimpleSIMD	HW_Flag_BaseTypeFromFirstArg
X64	AVX512	ConvertToVector256Byte	HW_Category_SimpleSIMD	HW_Flag_BaseTypeFromFirstArg|HW_Flag_SpecialCodeGen
X64	AVX512	ConvertToVector256ByteWithSaturation	HW_Category_SimpleSIMD	HW_Flag_BaseTypeFromFirstArg|HW_Flag_SpecialCodeGen
X64	AVX512	ConvertToVector256Double	HW_Category_SimpleSIMD	HW_Flag_BaseTypeFromFirstArg
X64	AVX512	ConvertToVector256Int16	HW_Category_SimpleSIMD	HW_Flag_BaseTypeFromFirstArg|HW_Flag_SpecialCodeGen
X64	AVX512	ConvertToVector256Int16WithSaturation	HW_Category_SimpleSIMD	HW_Flag_BaseTypeFromFirstArg|HW_Flag_SpecialCodeGen
X64	AVX512	ConvertToVector256Int32	HW_Category_SimpleSIMD	HW_Flag_BaseTypeFromFirstArg|HW_Flag_EmbRoundingCompatible|HW_Flag_SpecialCodeGen
X64	AVX512	ConvertToVector256Int32WithSaturation	HW_Category_SimpleSIMD	HW_Flag_BaseTypeFromFirstArg|HW_Flag_SpecialCodeGen
X64	AVX512	ConvertToVector256Int32WithTruncation	HW_Category_SimpleSIMD	HW_Flag_BaseTypeFromFirstArg
X64	AVX512	ConvertToVector256Int64	HW_Category_SimpleSIMD	HW_Flag_BaseTypeFromFirstArg
X64	AVX512	ConvertToVector256Int64WithTruncation	HW_Category_SimpleSIMD	HW_Flag_BaseTypeFromFirstArg
X64	AVX512	ConvertToVector256SByte	HW_Category_SimpleSIMD	HW_Flag_BaseTypeFromFirstArg|HW_Flag_SpecialCodeGen
X64	AVX512	ConvertToVector256SByteWithSaturation	HW_Category_SimpleSIMD	HW_Flag_BaseTypeFromFirstArg|HW_Flag_SpecialCodeGen
X64	AVX512	ConvertToVector256Single	HW_Category_SimpleSIMD	HW_Flag_BaseTypeFromFirstArg|HW_Flag_EmbRoundingCompatible
X64	AVX512	ConvertToVector256UInt16	HW_Category_SimpleSIMD	HW_Flag_BaseTypeFromFirstArg|HW_Flag_SpecialCodeGen
X64	AVX512	ConvertToVector256UInt16WithSaturation	HW_Category_SimpleSIMD	HW_Flag_BaseTypeFromFirstArg|HW_Flag_SpecialCodeGen
X64	AVX512	ConvertToVector256UInt32	HW_Category_SimpleSIMD	HW_Flag_BaseTypeFromFirstArg|HW_Flag_EmbRoundingCompatible|HW_Flag_SpecialCodeGen
X64	AVX512	ConvertToVector256UInt32WithSaturation	HW_Category_SimpleSIMD	HW_Flag_BaseTypeFromFirstArg|HW_Flag_SpecialCodeGen
X64	AVX512	ConvertToVector256UInt32WithTruncation	HW_Category_SimpleSIMD	HW_Flag_BaseTypeFromFirstArg
X64	AVX512	ConvertToVector256UInt64	HW_Category_SimpleSIMD	HW_Flag_BaseTypeFromFirstArg
X64	AVX512	ConvertToVector256UInt64WithTruncation	HW_Category_SimpleSIMD	HW_Flag_BaseTypeFromFirstArg
X64	AVX512	ConvertToVector512Double	HW_Category_SimpleSIMD	HW_Flag_BaseTypeFromFirstArg|HW_Flag_EmbRoundingCompatible
X64	AVX512	ConvertToVector512Int16	HW_Category_SimpleSIMD	HW_Flag_BaseTypeFromFirstArg
X64	AVX512	ConvertToVector512Int32	HW_Category_SimpleSIMD	HW_Flag_BaseTypeFromFirstArg|HW_Flag_EmbRoundingCompatible
X64	AVX512	ConvertToVector512Int32WithTruncation	HW_Category_SimpleSIMD	HW_Flag_BaseTypeFromFirstArg
X64	AVX512	ConvertToVector512Int64	HW_Category_SimpleSIMD	HW_Flag_BaseTypeFromFirstArg|HW_Flag_EmbRoundingCompatible
X64	AVX512	ConvertToVector512Int64WithTruncation	HW_Category_SimpleSIMD	HW_Flag_BaseTypeFromFirstArg
X64	AVX512	ConvertToVector512Single	HW_Category_SimpleSIMD	HW_Flag_BaseTypeFromFirstArg|HW_Flag_EmbRoundingCompatible
X64	AVX512	ConvertToVector512UInt16	HW_Category_SimpleSIMD	HW_Flag_BaseTypeFromFirstArg
X64	AVX512	ConvertToVector512UInt32	HW_Category_SimpleSIMD	HW_Flag_BaseTypeFromFirstArg|HW_Flag_EmbRoundingCompatible
X64	AVX512	ConvertToVector512UInt32WithTruncation	HW_Category_SimpleSIMD	HW_Flag_BaseTypeFromFirstArg
X64	AVX512	ConvertToVector512UInt64	HW_Category_SimpleSIMD	HW_Flag_BaseTypeFromFirstArg|HW_Flag_EmbRoundingCompatible
X64	AVX512	ConvertToVector512UInt64WithTruncation	HW_Category_SimpleSIMD	HW_Flag_BaseTypeFromFirstArg
X64	AVX512	ConvertVectorToMask	HW_Category_SimpleSIMD	HW_Flag_NoContainment|HW_Flag_ReturnsPerElementMask
X64	AVX512	DetectConflicts	HW_Category_SimpleSIMD	HW_Flag_NoFlag
X64	AVX512	Divide	HW_Category_SimpleSIMD	HW_Flag_EmbRoundingCompatible
X64	AVX512	DivideScalar	HW_Category_SIMDScalar	HW_Flag_CopyUpperBits|HW_Flag_EmbRoundingCompatible
X64	AVX512	DuplicateEvenIndexed	HW_Category_SimpleSIMD	HW_Flag_NoFlag
X64	AVX512	DuplicateOddIndexed	HW_Category_SimpleSIMD	HW_Flag_NoFlag
X64	AVX512	Expand	HW_Category_SimpleSIMD	HW_Flag_InvalidNodeId
X64	AVX512	ExpandLoad	HW_Category_MemoryLoad	HW_Flag_InvalidNodeId
X64	AVX512	ExpandLoadMask	HW_Category_MemoryLoad	HW_Flag_NoFlag
X64	AVX512	ExpandMask	HW_Category_SimpleSIMD	HW_Flag_NoFlag
X64	AVX512	ExtractVector128	HW_Category_IMM	HW_Flag_FullRangeIMM|HW_Flag_NormalizeSmallTypeToInt
X64	AVX512	ExtractVector256	HW_Category_IMM	HW_Flag_FullRangeIMM|HW_Flag_NormalizeSmallTypeToInt
X64	AVX512	Fixup	HW_Category_IMM	HW_Flag_FullRangeIMM|HW_Flag_SpecialImport
X64	AVX512	FixupScalar	HW_Category_IMM	HW_Flag_CopyUpperBits|HW_Flag_FullRangeIMM|HW_Flag_SpecialImport
X64	AVX512	FusedMultiplyAdd	HW_Category_SimpleSIMD	HW_Flag_EmbRoundingCompatible|HW_Flag_FmaIntrinsic|HW_Flag_RmwIntrinsic|HW_Flag_SpecialCodeGen
X64	AVX512	FusedMultiplyAddNegated	HW_Category_SimpleSIMD	HW_Flag_EmbRoundingCompatible|HW_Flag_FmaIntrinsic|HW_Flag_RmwIntrinsic|HW_Flag_SpecialCodeGen
X64	AVX512	FusedMultiplyAddNegatedScalar	HW_Category_SIMDScalar	HW_Flag_CopyUpperBits|HW_Flag_EmbRoundingCompatible|HW_Flag_FmaIntrinsic|HW_Flag_RmwIntrinsic|HW_Flag_SpecialCodeGen
X64	AVX512	FusedMultiplyAddScalar	HW_Category_SIMDScalar	HW_Flag_CopyUpperBits|HW_Flag_EmbRoundingCompatible|HW_Flag_FmaIntrinsic|HW_Flag_RmwIntrinsic|HW_Flag_SpecialCodeGen
X64	AVX512	FusedMultiplyAddSubtract	HW_Category_SimpleSIMD	HW_Flag_EmbRoundingCompatible|HW_Flag_FmaIntrinsic|HW_Flag_RmwIntrinsic|HW_Flag_SpecialCodeGen
X64	AVX512	FusedMultiplySubtract	HW_Category_SimpleSIMD	HW_Flag_EmbRoundingCompatible|HW_Flag_FmaIntrinsic|HW_Flag_RmwIntrinsic|HW_Flag_SpecialCodeGen
X64	AVX512	FusedMultiplySubtractAdd	HW_Category_SimpleSIMD	HW_Flag_EmbRoundingCompatible|HW_Flag_FmaIntrinsic|HW_Flag_RmwIntrinsic|HW_Flag_SpecialCodeGen
X64	AVX512	FusedMultiplySubtractNegated	HW_Category_SimpleSIMD	HW_Flag_EmbRoundingCompatible|HW_Flag_FmaIntrinsic|HW_Flag_RmwIntrinsic|HW_Flag_SpecialCodeGen
X64	AVX512	FusedMultiplySubtractNegatedScalar	HW_Category_SIMDScalar	HW_Flag_CopyUpperBits|HW_Flag_EmbRoundingCompatible|HW_Flag_FmaIntrinsic|HW_Flag_RmwIntrinsic|HW_Flag_SpecialCodeGen
X64	AVX512	FusedMultiplySubtractScalar	HW_Category_SIMDScalar	HW_Flag_CopyUpperBits|HW_Flag_EmbRoundingCompatible|HW_Flag_FmaIntrinsic|HW_Flag_RmwIntrinsic|HW_Flag_SpecialCodeGen
X64	AVX512	GetExponent	HW_Category_SimpleSIMD	HW_Flag_NoFlag
X64	AVX512	GetExponentScalar	HW_Category_SIMDScalar	HW_Flag_CopyUpperBits
X64	AVX512	GetMantissa	HW_Category_IMM	HW_Flag_NoFlag
X64	AVX512	GetMantissaScalar	HW_Category_IMM	HW_Flag_CopyUpperBits
X64	AVX512	InsertVector128	HW_Category_IMM	HW_Flag_FullRangeIMM|HW_Flag_NormalizeSmallTypeToInt
X64	AVX512	InsertVector256	HW_Category_IMM	HW_Flag_FullRangeIMM|HW_Flag_NormalizeSmallTypeToInt
X64	AVX512	KORTEST	HW_Category_Special	HW_Flag_NoContainment
X64	AVX512	KTEST	HW_Category_Special	HW_Flag_NoContainment
X64	AVX512	LeadingZeroCount	HW_Category_SimpleSIMD	HW_Flag_NoFlag
X64	AVX512	LoadAlignedVector512	HW_Category_MemoryLoad	HW_Flag_NormalizeSmallTypeToInt
X64	AVX512	LoadAlignedVector512NonTemporal	HW_Category_MemoryLoad	HW_Flag_NormalizeSmallTypeToInt
X64	AVX512	LoadVector512	HW_Category_Helper	HW_Flag_InvalidNodeId
X64	AVX512	MaskLoad	HW_Category_MemoryLoad	HW_Flag_InvalidNodeId
X64	AVX512	MaskLoadAligned	HW_Category_MemoryLoad	HW_Flag_InvalidNodeId
X64	AVX512	MaskLoadAlignedMask	HW_Category_MemoryLoad	HW_Flag_NoFlag
X64	AVX512	MaskLoadMask	HW_Category_MemoryLoad	HW_Flag_NoFlag
X64	AVX512	MaskStore	HW_Category_MemoryStore	HW_Flag_BaseTypeFromSecondArg|HW_Flag_InvalidNodeId
X64	AVX512	MaskStoreAligned	HW_Category_MemoryStore	HW_Flag_BaseTypeFromSecondArg|HW_Flag_InvalidNodeId
X64	AVX512	MaskStoreAlignedMask	HW_Category_MemoryStore	HW_Flag_BaseTypeFromSecondArg
X64	AVX512	MaskStoreMask	HW_Category_MemoryStore	HW_Flag_BaseTypeFromSecondArg
X64	AVX512	Max	HW_Category_SimpleSIMD	HW_Flag_MaybeCommutative
X64	AVX512	Min	HW_Category_SimpleSIMD	HW_Flag_MaybeCommutative
X64	AVX512	MoveMask	HW_Category_Special	HW_Flag_BaseTypeFromFirstArg|HW_Flag_NoContainment
X64	AVX512	Multiply	HW_Category_SimpleSIMD	HW_Flag_EmbRoundingCompatible|HW_Flag_MaybeCommutative
X64	AVX512	MultiplyAddAdjacent	HW_Category_SimpleSIMD	HW_Flag_NoFlag
X64	AVX512	MultiplyHigh	HW_Category_SimpleSIMD	HW_Flag_Commutative
X64	AVX512	MultiplyHighRoundScale	HW_Category_SimpleSIMD	HW_Flag_NoFlag
X64	AVX512	MultiplyLow	HW_Category_SimpleSIMD	HW_Flag_Commutative
X64	AVX512	MultiplyScalar	HW_Category_SIMDScalar	HW_Flag_CopyUpperBits|HW_Flag_EmbRoundingCompatible
X64	AVX512	NotMask	HW_Category_Special	HW_Flag_NoContainment|HW_Flag_ReturnsPerElementMask
X64	AVX512	Or	HW_Category_SimpleSIMD	HW_Flag_Commutative|HW_Flag_NormalizeSmallTypeToInt
X64	AVX512	OrMask	HW_Category_Special	HW_Flag_Commutative|HW_Flag_NoContainment|HW_Flag_ReturnsPerElementMask
X64	AVX512	PTESTM	HW_Category_SimpleSIMD	HW_Flag_Commutative
X64	AVX512	PTESTNM	HW_Category_SimpleSIMD	HW_Flag_Commutative
X64	AVX512	PackSignedSaturate	HW_Category_SimpleSIMD	HW_Flag_NoFlag
X64	AVX512	PackUnsignedSaturate	HW_Category_SimpleSIMD	HW_Flag_NoFlag
X64	AVX512	Permute2x64	HW_Category_IMM	HW_Flag_FullRangeIMM
X64	AVX512	Permute4x32	HW_Category_IMM	HW_Flag_FullRangeIMM
X64	AVX512	Permute4x64	HW_Category_IMM	HW_Flag_FullRangeIMM
X64	AVX512	PermuteVar16x16	HW_Category_SimpleSIMD	HW_Flag_SpecialImport
X64	AVX512	PermuteVar16x16x2	HW_Category_SimpleSIMD	HW_Flag_PermuteVar2x|HW_Flag_RmwIntrinsic|HW_Flag_SpecialCodeGen
X64	AVX512	PermuteVar16x32	HW_Category_SimpleSIMD	HW_Flag_SpecialImport
X64	AVX512	PermuteVar16x32x2	HW_Category_SimpleSIMD	HW_Flag_PermuteVar2x|HW_Flag_RmwIntrinsic|HW_Flag_SpecialCodeGen
X64	AVX512	PermuteVar2x64	HW_Category_SimpleSIMD	HW_Flag_NoFlag
X64	AVX512	PermuteVar2x64x2	HW_Category_SimpleSIMD	HW_Flag_PermuteVar2x|HW_Flag_RmwIntrinsic|HW_Flag_SpecialCodeGen
X64	AVX512	PermuteVar32x16	HW_Category_SimpleSIMD	HW_Flag_SpecialImport
X64	AVX512	PermuteVar32x16x2	HW_Category_SimpleSIMD	HW_Flag_PermuteVar2x|HW_Flag_RmwIntrinsic|HW_Flag_SpecialCodeGen
X64	AVX512	PermuteVar4x32	HW_Category_SimpleSIMD	HW_Flag_NoFlag
X64	AVX512	PermuteVar4x32x2	HW_Category_SimpleSIMD	HW_Flag_PermuteVar2x|HW_Flag_RmwIntrinsic|HW_Flag_SpecialCodeGen
X64	AVX512	PermuteVar4x64	HW_Category_SimpleSIMD	HW_Flag_SpecialImport
X64	AVX512	PermuteVar4x64x2	HW_Category_SimpleSIMD	HW_Flag_PermuteVar2x|HW_Flag_RmwIntrinsic|HW_Flag_SpecialCodeGen
X64	AVX512	PermuteVar8x16	HW_Category_SimpleSIMD	HW_Flag_SpecialImport
X64	AVX512	PermuteVar8x16x2	HW_Category_SimpleSIMD	HW_Flag_PermuteVar2x|HW_Flag_RmwIntrinsic|HW_Flag_SpecialCodeGen
X64	AVX512	PermuteVar8x32x2	HW_Category_SimpleSIMD	HW_Flag_PermuteVar2x|HW_Flag_RmwIntrinsic|HW_Flag_SpecialCodeGen
X64	AVX512	PermuteVar8x64	HW_Category_SimpleSIMD	HW_Flag_SpecialImport
X64	AVX512	PermuteVar8x64x2	HW_Category_SimpleSIMD	HW_Flag_PermuteVar2x|HW_Flag_RmwIntrinsic|HW_Flag_SpecialCodeGen
X64	AVX512	Range	HW_Category_IMM	HW_Flag_NoFlag
X64	AVX512	RangeScalar	HW_Category_IMM	HW_Flag_CopyUpperBits
X64	AVX512	Reciprocal14	HW_Category_SimpleSIMD	HW_Flag_NoFlag
X64	AVX512	Reciprocal14Scalar	HW_Category_SimpleSIMD	HW_Flag_CopyUpperBits
X64	AVX512	ReciprocalSqrt14	HW_Category_SimpleSIMD	HW_Flag_NoFlag
X64	AVX512	ReciprocalSqrt14Scalar	HW_Category_SimpleSIMD	HW_Flag_CopyUpperBits
X64	AVX512	Reduce	HW_Category_IMM	HW_Flag_FullRangeIMM
X64	AVX512	ReduceScalar	HW_Category_IMM	HW_Flag_CopyUpperBits|HW_Flag_FullRangeIMM
X64	AVX512	RotateLeft	HW_Category_IMM	HW_Flag_FullRangeIMM|HW_Flag_MaybeIMM|HW_Flag_MaybeNoJmpTableIMM
X64	AVX512	RotateLeftVariable	HW_Category_SimpleSIMD	HW_Flag_NoFlag
X64	AVX512	RotateRight	HW_Category_IMM	HW_Flag_FullRangeIMM|HW_Flag_MaybeIMM|HW_Flag_MaybeNoJmpTableIMM
X64	AVX512	RotateRightVariable	HW_Category_SimpleSIMD	HW_Flag_NoFlag
X64	AVX512	RoundScale	HW_Category_IMM	HW_Flag_FullRangeIMM
X64	AVX512	RoundScaleScalar	HW_Category_IMM	HW_Flag_CopyUpperBits|HW_Flag_FullRangeIMM
X64	AVX512	Scale	HW_Category_SimpleSIMD	HW_Flag_EmbRoundingCompatible
X64	AVX512	ScaleScalar	HW_Category_SIMDScalar	HW_Flag_CopyUpperBits|HW_Flag_EmbRoundingCompatible
X64	AVX512	ShiftLeftLogical	HW_Category_IMM	HW_Flag_FullRangeIMM|HW_Flag_MaybeIMM|HW_Flag_NoJmpTableIMM
X64	AVX512	ShiftLeftLogical128BitLane	HW_Category_IMM	HW_Flag_FullRangeIMM
X64	AVX512	ShiftLeftLogicalVariable	HW_Category_SimpleSIMD	HW_Flag_NoFlag
X64	AVX512	ShiftLeftMask	HW_Category_IMM	HW_Flag_FullRangeIMM|HW_Flag_SpecialCodeGen
X64	AVX512	ShiftRightArithmetic	HW_Category_IMM	HW_Flag_FullRangeIMM|HW_Flag_MaybeIMM|HW_Flag_NoJmpTableIMM
X64	AVX512	ShiftRightArithmeticVariable	HW_Category_SimpleSIMD	HW_Flag_NoFlag
X64	AVX512	ShiftRightLogical	HW_Category_IMM	HW_Flag_FullRangeIMM|HW_Flag_MaybeIMM|HW_Flag_NoJmpTableIMM
X64	AVX512	ShiftRightLogical128BitLane	HW_Category_IMM	HW_Flag_FullRangeIMM
X64	AVX512	ShiftRightLogicalVariable	HW_Category_SimpleSIMD	HW_Flag_NoFlag
X64	AVX512	ShiftRightMask	HW_Category_IMM	HW_Flag_FullRangeIMM|HW_Flag_SpecialCodeGen
X64	AVX512	Shuffle	HW_Category_IMM	HW_Flag_FullRangeIMM|HW_Flag_MaybeIMM
X64	AVX512	Shuffle2x128	HW_Category_IMM	HW_Flag_FullRangeIMM
X64	AVX512	Shuffle4x128	HW_Category_IMM	HW_Flag_FullRangeIMM
X64	AVX512	ShuffleHigh	HW_Category_IMM	HW_Flag_FullRangeIMM
X64	AVX512	ShuffleLow	HW_Category_IMM	HW_Flag_FullRangeIMM
X64	AVX512	Sqrt	HW_Category_SimpleSIMD	HW_Flag_EmbRoundingCompatible
X64	AVX512	SqrtScalar	HW_Category_SIMDScalar	HW_Flag_CopyUpperBits|HW_Flag_EmbRoundingCompatible
X64	AVX512	Store	HW_Category_Helper	HW_Flag_BaseTypeFromSecondArg|HW_Flag_InvalidNodeId
X64	AVX512	StoreAligned	HW_Category_MemoryStore	HW_Flag_BaseTypeFromSecondArg|HW_Flag_NormalizeSmallTypeToInt
X64	AVX512	StoreAlignedNonTemporal	HW_Category_MemoryStore	HW_Flag_BaseTypeFromSecondArg|HW_Flag_NormalizeSmallTypeToInt
X64	AVX512	Subtract	HW_Category_SimpleSIMD	HW_Flag_EmbRoundingCompatible
X64	AVX512	SubtractSaturate	HW_Category_SimpleSIMD	HW_Flag_NoFlag
X64	AVX512	SubtractScalar	HW_Category_SIMDScalar	HW_Flag_CopyUpperBits|HW_Flag_EmbRoundingCompatible
X64	AVX512	SumAbsoluteDifferences	HW_Category_SimpleSIMD	HW_Flag_NoFlag
X64	AVX512	SumAbsoluteDifferencesInBlock32	HW_Category_IMM	HW_Flag_FullRangeIMM
X64	AVX512	TernaryLogic	HW_Category_IMM	HW_Flag_FullRangeIMM|HW_Flag_NormalizeSmallTypeToInt|HW_Flag_SpecialImport
X64	AVX512	UnpackHigh	HW_Category_SimpleSIMD	HW_Flag_NoFlag
X64	AVX512	UnpackLow	HW_Category_SimpleSIMD	HW_Flag_NoFlag
X64	AVX512	XnorMask	HW_Category_Special	HW_Flag_Commutative|HW_Flag_NoContainment|HW_Flag_ReturnsPerElementMask
X64	AVX512	Xor	HW_Category_SimpleSIMD	HW_Flag_CanBenefitFromConstantProp|HW_Flag_Commutative|HW_Flag_NormalizeSmallTypeToInt
X64	AVX512	XorMask	HW_Category_Special	HW_Flag_Commutative|HW_Flag_NoContainment|HW_Flag_ReturnsPerElementMask
X64	AVX512	op_EqualityMask	HW_Category_Special	HW_Flag_Commutative|HW_Flag_NoContainment
X64	AVX512	op_InequalityMask	HW_Category_Special	HW_Flag_Commutative|HW_Flag_NoContainment
X64	AVX512_X64	ConvertScalarToVector128Double	HW_Category_SIMDScalar	HW_Flag_BaseTypeFromSecondArg|HW_Flag_CopyUpperBits|HW_Flag_EmbRoundingCompatible|HW_Flag_SpecialCodeGen
X64	AVX512_X64	ConvertScalarToVector128Single	HW_Category_SIMDScalar	HW_Flag_BaseTypeFromSecondArg|HW_Flag_CopyUpperBits|HW_Flag_EmbRoundingCompatible|HW_Flag_SpecialCodeGen
X64	AVX512_X64	ConvertToInt64	HW_Category_SIMDScalar	HW_Flag_BaseTypeFromFirstArg|HW_Flag_EmbRoundingCompatible|HW_Flag_SpecialCodeGen
X64	AVX512_X64	ConvertToUInt64	HW_Category_SIMDScalar	HW_Flag_BaseTypeFromFirstArg|HW_Flag_EmbRoundingCompatible|HW_Flag_SpecialCodeGen
X64	AVX512_X64	ConvertToUInt64WithTruncation	HW_Category_SIMDScalar	HW_Flag_BaseTypeFromFirstArg|HW_Flag_SpecialCodeGen
X64	AVX512v2	MultiShift	HW_Category_SimpleSIMD	HW_Flag_BaseTypeFromSecondArg
X64	AVX512v2	PermuteVar16x8	HW_Category_SimpleSIMD	HW_Flag_SpecialImport
X64	AVX512v2	PermuteVar16x8x2	HW_Category_SimpleSIMD	HW_Flag_PermuteVar2x|HW_Flag_RmwIntrinsic|HW_Flag_SpecialCodeGen
X64	AVX512v2	PermuteVar32x8	HW_Category_SimpleSIMD	HW_Flag_SpecialImport
X64	AVX512v2	PermuteVar32x8x2	HW_Category_SimpleSIMD	HW_Flag_PermuteVar2x|HW_Flag_RmwIntrinsic|HW_Flag_SpecialCodeGen
X64	AVX512v2	PermuteVar64x8	HW_Category_SimpleSIMD	HW_Flag_SpecialImport
X64	AVX512v2	PermuteVar64x8x2	HW_Category_SimpleSIMD	HW_Flag_PermuteVar2x|HW_Flag_RmwIntrinsic|HW_Flag_SpecialCodeGen
X64	AVX512v3	Compress	HW_Category_SimpleSIMD	HW_Flag_InvalidNodeId
X64	AVX512v3	CompressStore	HW_Category_MemoryStore	HW_Flag_BaseTypeFromSecondArg|HW_Flag_InvalidNodeId
X64	AVX512v3	Expand	HW_Category_SimpleSIMD	HW_Flag_InvalidNodeId
X64	AVX512v3	ExpandLoad	HW_Category_MemoryLoad	HW_Flag_InvalidNodeId
X64	AVXVNNI	MultiplyWideningAndAdd	HW_Category_SimpleSIMD	HW_Flag_BaseTypeFromSecondArg|HW_Flag_NoEvexSemantics
X64	AVXVNNI	MultiplyWideningAndAddSaturate	HW_Category_SimpleSIMD	HW_Flag_BaseTypeFromSecondArg|HW_Flag_NoEvexSemantics
X64	AVXVNNIINT	MultiplyWideningAndAdd	HW_Category_SimpleSIMD	HW_Flag_BaseTypeFromSecondArg|HW_Flag_SpecialCodeGen|HW_Flag_SpecialImport
X64	AVXVNNIINT	MultiplyWideningAndAddSaturate	HW_Category_SimpleSIMD	HW_Flag_BaseTypeFromSecondArg|HW_Flag_SpecialCodeGen|HW_Flag_SpecialImport
X64	AVXVNNIINT_V512	MultiplyWideningAndAdd	HW_Category_SimpleSIMD	HW_Flag_BaseTypeFromSecondArg|HW_Flag_SpecialCodeGen|HW_Flag_SpecialImport
X64	AVXVNNIINT_V512	MultiplyWideningAndAddSaturate	HW_Category_SimpleSIMD	HW_Flag_BaseTypeFromSecondArg|HW_Flag_SpecialCodeGen|HW_Flag_SpecialImport
X64	GFNI	GaloisFieldAffineTransform	HW_Category_IMM	HW_Flag_FullRangeIMM
X64	GFNI	GaloisFieldAffineTransformInverse	HW_Category_IMM	HW_Flag_FullRangeIMM
X64	GFNI	GaloisFieldMultiply	HW_Category_SimpleSIMD	HW_Flag_NoFlag
X64	GFNI_V256	GaloisFieldAffineTransform	HW_Category_IMM	HW_Flag_FullRangeIMM
X64	GFNI_V256	GaloisFieldAffineTransformInverse	HW_Category_IMM	HW_Flag_FullRangeIMM
X64	GFNI_V256	GaloisFieldMultiply	HW_Category_SimpleSIMD	HW_Flag_NoFlag
X64	GFNI_V512	GaloisFieldAffineTransform	HW_Category_IMM	HW_Flag_FullRangeIMM
X64	GFNI_V512	GaloisFieldAffineTransformInverse	HW_Category_IMM	HW_Flag_FullRangeIMM
X64	GFNI_V512	GaloisFieldMultiply	HW_Category_SimpleSIMD	HW_Flag_NoFlag
X64	SSE42	Abs	HW_Category_SimpleSIMD	HW_Flag_BaseTypeFromFirstArg|HW_Flag_NoRMWSemantics
X64	SSE42	AddSubtract	HW_Category_SimpleSIMD	HW_Flag_NoEvexSemantics
X64	SSE42	AlignRight	HW_Category_IMM	HW_Flag_FullRangeIMM|HW_Flag_NormalizeSmallTypeToInt
X64	SSE42	Blend	HW_Category_IMM	HW_Flag_FullRangeIMM|HW_Flag_NoEvexSemantics
X64	SSE42	BlendVariable	HW_Category_SimpleSIMD	HW_Flag_NoEvexSemantics|HW_Flag_NormalizeSmallTypeToInt|HW_Flag_SpecialImport
X64	SSE42	Ceiling	HW_Category_SimpleSIMD	HW_Flag_NoRMWSemantics
X64	SSE42	CeilingScalar	HW_Category_SIMDScalar	HW_Flag_CopyUpperBits
X64	SSE42	CompareEqual	HW_Category_SimpleSIMD	HW_Flag_Commutative|HW_Flag_NoEvexSemantics|HW_Flag_ReturnsPerElementMask|HW_Flag_SpecialImport
X64	SSE42	CompareGreaterThan	HW_Category_SimpleSIMD	HW_Flag_NoEvexSemantics|HW_Flag_ReturnsPerElementMask|HW_Flag_SpecialImport
X64	SSE42	CompareLessThan	HW_Category_SimpleSIMD	HW_Flag_NoEvexSemantics|HW_Flag_ReturnsPerElementMask|HW_Flag_SpecialImport
X64	SSE42	ConvertToVector128Int16	HW_Category_SimpleSIMD	HW_Flag_BaseTypeFromFirstArg|HW_Flag_MaybeMemoryLoad|HW_Flag_NoRMWSemantics|HW_Flag_SpecialCodeGen
X64	SSE42	ConvertToVector128Int32	HW_Category_SimpleSIMD	HW_Flag_BaseTypeFromFirstArg|HW_Flag_MaybeMemoryLoad|HW_Flag_NoRMWSemantics|HW_Flag_SpecialCodeGen
X64	SSE42	ConvertToVector128Int64	HW_Category_SimpleSIMD	HW_Flag_BaseTypeFromFirstArg|HW_Flag_MaybeMemoryLoad|HW_Flag_NoRMWSemantics|HW_Flag_SpecialCodeGen
X64	SSE42	Crc32	HW_Category_Scalar	HW_Flag_NoFloatingPointUsed|HW_Flag_RmwIntrinsic
X64	SSE42	DotProduct	HW_Category_IMM	HW_Flag_FullRangeIMM|HW_Flag_NoEvexSemantics
X64	SSE42	Extract	HW_Category_IMM	HW_Flag_BaseTypeFromFirstArg|HW_Flag_FullRangeIMM|HW_Flag_NoRMWSemantics|HW_Flag_SpecialCodeGen
X64	SSE42	Floor	HW_Category_SimpleSIMD	HW_Flag_NoRMWSemantics
X64	SSE42	FloorScalar	HW_Category_SIMDScalar	HW_Flag_CopyUpperBits
X64	SSE42	HorizontalAdd	HW_Category_SimpleSIMD	HW_Flag_NoEvexSemantics
X64	SSE42	HorizontalAddSaturate	HW_Category_SimpleSIMD	HW_Flag_NoEvexSemantics
X64	SSE42	HorizontalSubtract	HW_Category_SimpleSIMD	HW_Flag_NoEvexSemantics
X64	SSE42	HorizontalSubtractSaturate	HW_Category_SimpleSIMD	HW_Flag_NoEvexSemantics
X64	SSE42	Insert	HW_Category_IMM	HW_Flag_CanBenefitFromConstantProp|HW_Flag_FullRangeIMM
X64	SSE42	LoadAlignedVector128NonTemporal	HW_Category_MemoryLoad	HW_Flag_NoRMWSemantics|HW_Flag_NormalizeSmallTypeToInt
X64	SSE42	LoadAndDuplicateToVector128	HW_Category_MemoryLoad	HW_Flag_NoRMWSemantics
X64	SSE42	LoadDquVector128	HW_Category_MemoryLoad	HW_Flag_NoEvexSemantics|HW_Flag_NoRMWSemantics|HW_Flag_NormalizeSmallTypeToInt
X64	SSE42	Max	HW_Category_SimpleSIMD	HW_Flag_Commutative
X64	SSE42	Min	HW_Category_SimpleSIMD	HW_Flag_Commutative
X64	SSE42	MinHorizontal	HW_Category_SimpleSIMD	HW_Flag_NoEvexSemantics|HW_Flag_NoRMWSemantics
X64	SSE42	MoveAndDuplicate	HW_Category_SimpleSIMD	HW_Flag_NoRMWSemantics
X64	SSE42	MoveHighAndDuplicate	HW_Category_SimpleSIMD	HW_Flag_NoRMWSemantics
X64	SSE42	MoveLowAndDuplicate	HW_Category_SimpleSIMD	HW_Flag_NoRMWSemantics
X64	SSE42	MultipleSumAbsoluteDifferences	HW_Category_IMM	HW_Flag_FullRangeIMM|HW_Flag_NoEvexSemantics
X64	SSE42	Multiply	HW_Category_SimpleSIMD	HW_Flag_Commutative
X64	SSE42	MultiplyAddAdjacent	HW_Category_SimpleSIMD	HW_Flag_NoFlag
X64	SSE42	MultiplyHighRoundScale	HW_Category_SimpleSIMD	HW_Flag_NoFlag
X64	SSE42	MultiplyLow	HW_Category_SimpleSIMD	HW_Flag_Commutative
X64	SSE42	PTEST	HW_Category_SimpleSIMD	HW_Flag_NoEvexSemantics|HW_Flag_NoRMWSemantics
X64	SSE42	PackUnsignedSaturate	HW_Category_SimpleSIMD	HW_Flag_NoFlag
X64	SSE42	PopCount	HW_Category_Scalar	HW_Flag_NoFloatingPointUsed|HW_Flag_NoRMWSemantics|HW_Flag_SpecialCodeGen
X64	SSE42	RoundCurrentDirection	HW_Category_SimpleSIMD	HW_Flag_NoRMWSemantics
X64	SSE42	RoundCurrentDirectionScalar	HW_Category_SIMDScalar	HW_Flag_CopyUpperBits
X64	SSE42	RoundToNearestInteger	HW_Category_SimpleSIMD	HW_Flag_NoRMWSemantics
X64	SSE42	RoundToNearestIntegerScalar	HW_Category_SIMDScalar	HW_Flag_CopyUpperBits
X64	SSE42	RoundToNegativeInfinity	HW_Category_SimpleSIMD	HW_Flag_NoRMWSemantics
X64	SSE42	RoundToNegativeInfinityScalar	HW_Category_SIMDScalar	HW_Flag_CopyUpperBits
X64	SSE42	RoundToPositiveInfinity	HW_Category_SimpleSIMD	HW_Flag_NoRMWSemantics
X64	SSE42	RoundToPositiveInfinityScalar	HW_Category_SIMDScalar	HW_Flag_CopyUpperBits
X64	SSE42	RoundToZero	HW_Category_SimpleSIMD	HW_Flag_NoRMWSemantics
X64	SSE42	RoundToZeroScalar	HW_Category_SIMDScalar	HW_Flag_CopyUpperBits
X64	SSE42	Shuffle	HW_Category_SimpleSIMD	HW_Flag_NoFlag
X64	SSE42	Sign	HW_Category_SimpleSIMD	HW_Flag_NoEvexSemantics
X64	SSE42	TestC	HW_Category_SimpleSIMD	HW_Flag_BaseTypeFromFirstArg|HW_Flag_NoEvexSemantics|HW_Flag_NormalizeSmallTypeToInt
X64	SSE42	TestNotZAndNotC	HW_Category_SimpleSIMD	HW_Flag_BaseTypeFromFirstArg|HW_Flag_NoEvexSemantics|HW_Flag_NormalizeSmallTypeToInt
X64	SSE42	TestZ	HW_Category_SimpleSIMD	HW_Flag_BaseTypeFromFirstArg|HW_Flag_NoEvexSemantics|HW_Flag_NormalizeSmallTypeToInt
X64	SSE42_X64	Crc32	HW_Category_Scalar	HW_Flag_NoFloatingPointUsed|HW_Flag_RmwIntrinsic
X64	SSE42_X64	Extract	HW_Category_IMM	HW_Flag_BaseTypeFromFirstArg|HW_Flag_FullRangeIMM|HW_Flag_NoRMWSemantics|HW_Flag_SpecialCodeGen
X64	SSE42_X64	Insert	HW_Category_IMM	HW_Flag_CanBenefitFromConstantProp|HW_Flag_FullRangeIMM
X64	SSE42_X64	PopCount	HW_Category_Scalar	HW_Flag_NoFloatingPointUsed|HW_Flag_NoRMWSemantics|HW_Flag_SpecialCodeGen
X64	Vector128	Abs	HW_Category_Helper	HW_Flag_InvalidNodeId
X64	Vector128	AddSaturate	HW_Category_Helper	HW_Flag_InvalidNodeId
X64	Vector128	AndNot	HW_Category_Helper	HW_Flag_InvalidNodeId
X64	Vector128	As	HW_Category_Helper	HW_Flag_BaseTypeFromFirstArg|HW_Flag_InvalidNodeId
X64	Vector128	AsByte	HW_Category_Helper	HW_Flag_BaseTypeFromFirstArg|HW_Flag_InvalidNodeId
X64	Vector128	AsDouble	HW_Category_Helper	HW_Flag_BaseTypeFromFirstArg|HW_Flag_InvalidNodeId
X64	Vector128	AsInt16	HW_Category_Helper	HW_Flag_BaseTypeFromFirstArg|HW_Flag_InvalidNodeId
X64	Vector128	AsInt32	HW_Category_Helper	HW_Flag_BaseTypeFromFirstArg|HW_Flag_InvalidNodeId
X64	Vector128	AsInt64	HW_Category_Helper	HW_Flag_BaseTypeFromFirstArg|HW_Flag_InvalidNodeId
X64	Vector128	AsNInt	HW_Category_Helper	HW_Flag_BaseTypeFromFirstArg|HW_Flag_InvalidNodeId
X64	Vector128	AsNUInt	HW_Category_Helper	HW_Flag_BaseTypeFromFirstArg|HW_Flag_InvalidNodeId
X64	Vector128	AsSByte	HW_Category_Helper	HW_Flag_BaseTypeFromFirstArg|HW_Flag_InvalidNodeId
X64	Vector128	AsSingle	HW_Category_Helper	HW_Flag_BaseTypeFromFirstArg|HW_Flag_InvalidNodeId
X64	Vector128	AsUInt16	HW_Category_Helper	HW_Flag_BaseTypeFromFirstArg|HW_Flag_InvalidNodeId
X64	Vector128	AsUInt32	HW_Category_Helper	HW_Flag_BaseTypeFromFirstArg|HW_Flag_InvalidNodeId
X64	Vector128	AsUInt64	HW_Category_Helper	HW_Flag_BaseTypeFromFirstArg|HW_Flag_InvalidNodeId
X64	Vector128	AsVector	HW_Category_Helper	HW_Flag_BaseTypeFromFirstArg|HW_Flag_InvalidNodeId
X64	Vector128	AsVector128	HW_Category_Helper	HW_Flag_BaseTypeFromFirstArg|HW_Flag_InvalidNodeId
X64	Vector128	AsVector128Unsafe	HW_Category_SimpleSIMD	HW_Flag_BaseTypeFromFirstArg|HW_Flag_NoContainment|HW_Flag_NoRMWSemantics|HW_Flag_SpecialCodeGen|HW_Flag_SpecialImport
X64	Vector128	AsVector2	HW_Category_SimpleSIMD	HW_Flag_BaseTypeFromFirstArg|HW_Flag_SpecialCodeGen|HW_Flag_SpecialImport
X64	Vector128	AsVector3	HW_Category_SimpleSIMD	HW_Flag_BaseTypeFromFirstArg|HW_Flag_SpecialCodeGen|HW_Flag_SpecialImport
X64	Vector128	AsVector4	HW_Category_Helper	HW_Flag_BaseTypeFromFirstArg|HW_Flag_InvalidNodeId
X64	Vector128	Ceiling	HW_Category_Helper	HW_Flag_InvalidNodeId
X64	Vector128	ConditionalSelect	HW_Category_Helper	HW_Flag_NoCodeGen|HW_Flag_SpecialImport
X64	Vector128	ConvertToDouble	HW_Category_Helper	HW_Flag_BaseTypeFromFirstArg|HW_Flag_InvalidNodeId
X64	Vector128	ConvertToInt32	HW_Category_Helper	HW_Flag_BaseTypeFromFirstArg|HW_Flag_InvalidNodeId
X64	Vector128	ConvertToInt32Native	HW_Category_Helper	HW_Flag_BaseTypeFromFirstArg|HW_Flag_InvalidNodeId
X64	Vector128	ConvertToInt64	HW_Category_Helper	HW_Flag_BaseTypeFromFirstArg|HW_Flag_InvalidNodeId
X64	Vector128	ConvertToInt64Native	HW_Category_Helper	HW_Flag_BaseTypeFromFirstArg|HW_Flag_InvalidNodeId
X64	Vector128	ConvertToSingle	HW_Category_Helper	HW_Flag_BaseTypeFromFirstArg|HW_Flag_InvalidNodeId
X64	Vector128	ConvertToUInt32	HW_Category_Helper	HW_Flag_BaseTypeFromFirstArg|HW_Flag_InvalidNodeId
X64	Vector128	ConvertToUInt32Native	HW_Category_Helper	HW_Flag_BaseTypeFromFirstArg|HW_Flag_InvalidNodeId
X64	Vector128	ConvertToUInt64	HW_Category_Helper	HW_Flag_BaseTypeFromFirstArg|HW_Flag_InvalidNodeId
X64	Vector128	ConvertToUInt64Native	HW_Category_Helper	HW_Flag_BaseTypeFromFirstArg|HW_Flag_InvalidNodeId
X64	Vector128	Create	HW_Category_Helper	HW_Flag_NoCodeGen|HW_Flag_SpecialImport
X64	Vector128	CreateScalar	HW_Category_SIMDScalar	HW_Flag_NoRMWSemantics|HW_Flag_SpecialCodeGen|HW_Flag_SpecialImport
X64	Vector128	CreateScalarUnsafe	HW_Category_SIMDScalar	HW_Flag_NoRMWSemantics|HW_Flag_SpecialCodeGen|HW_Flag_SpecialImport
X64	Vector128	CreateSequence	HW_Category_Helper	HW_Flag_InvalidNodeId
X64	Vector128	Dot	HW_Category_Helper	HW_Flag_BaseTypeFromFirstArg|HW_Flag_NoCodeGen|HW_Flag_SpecialImport
X64	Vector128	Equals	HW_Category_Helper	HW_Flag_BaseTypeFromFirstArg|HW_Flag_InvalidNodeId
X64	Vector128	EqualsAny	HW_Category_Helper	HW_Flag_BaseTypeFromFirstArg|HW_Flag_InvalidNodeId
X64	Vector128	ExtractMostSignificantBits	HW_Category_Helper	HW_Flag_BaseTypeFromFirstArg|HW_Flag_NoCodeGen|HW_Flag_SpecialImport
X64	Vector128	Floor	HW_Category_Helper	HW_Flag_InvalidNodeId
X64	Vector128	FusedMultiplyAdd	HW_Category_Helper	HW_Flag_InvalidNodeId
X64	Vector128	GetElement	HW_Category_Helper	HW_Flag_BaseTypeFromFirstArg|HW_Flag_SpecialCodeGen|HW_Flag_SpecialImport
X64	Vector128	GreaterThan	HW_Category_Helper	HW_Flag_BaseTypeFromFirstArg|HW_Flag_InvalidNodeId
X64	Vector128	GreaterThanAll	HW_Category_Helper	HW_Flag_BaseTypeFromFirstArg|HW_Flag_InvalidNodeId
X64	Vector128	GreaterThanAny	HW_Category_Helper	HW_Flag_BaseTypeFromFirstArg|HW_Flag_InvalidNodeId
X64	Vector128	GreaterThanOrEqual	HW_Category_Helper	HW_Flag_BaseTypeFromFirstArg|HW_Flag_InvalidNodeId
X64	Vector128	GreaterThanOrEqualAll	HW_Category_Helper	HW_Flag_BaseTypeFromFirstArg|HW_Flag_InvalidNodeId
X64	Vector128	GreaterThanOrEqualAny	HW_Category_Helper	HW_Flag_BaseTypeFromFirstArg|HW_Flag_InvalidNodeId
X64	Vector128	IsEvenInteger	HW_Category_Helper	HW_Flag_InvalidNodeId
X64	Vector128	IsFinite	HW_Category_Helper	HW_Flag_InvalidNodeId
X64	Vector128	IsInfinity	HW_Category_Helper	HW_Flag_InvalidNodeId
X64	Vector128	IsInteger	HW_Category_Helper	HW_Flag_InvalidNodeId
X64	Vector128	IsNaN	HW_Category_Helper	HW_Flag_InvalidNodeId
X64	Vector128	IsNegative	HW_Category_Helper	HW_Flag_InvalidNodeId
X64	Vector128	IsNegativeInfinity	HW_Category_Helper	HW_Flag_InvalidNodeId
X64	Vector128	IsNormal	HW_Category_Helper	HW_Flag_InvalidNodeId
X64	Vector128	IsOddInteger	HW_Category_Helper	HW_Flag_InvalidNodeId
X64	Vector128	IsPositive	HW_Category_Helper	HW_Flag_InvalidNodeId
X64	Vector128	IsPositiveInfinity	HW_Category_Helper	HW_Flag_InvalidNodeId
X64	Vector128	IsSubnormal	HW_Category_Helper	HW_Flag_InvalidNodeId
X64	Vector128	IsZero	HW_Category_Helper	HW_Flag_InvalidNodeId
X64	Vector128	LessThan	HW_Category_Helper	HW_Flag_BaseTypeFromFirstArg|HW_Flag_InvalidNodeId
X64	Vector128	LessThanAll	HW_Category_Helper	HW_Flag_BaseTypeFromFirstArg|HW_Flag_InvalidNodeId
X64	Vector128	LessThanAny	HW_Category_Helper	HW_Flag_BaseTypeFromFirstArg|HW_Flag_InvalidNodeId
X64	Vector128	LessThanOrEqual	HW_Category_Helper	HW_Flag_BaseTypeFromFirstArg|HW_Flag_InvalidNodeId
X64	Vector128	LessThanOrEqualAll	HW_Category_Helper	HW_Flag_BaseTypeFromFirstArg|HW_Flag_InvalidNodeId
X64	Vector128	LessThanOrEqualAny	HW_Category_Helper	HW_Flag_BaseTypeFromFirstArg|HW_Flag_InvalidNodeId
X64	Vector128	LoadAligned	HW_Category_Helper	HW_Flag_InvalidNodeId
X64	Vector128	LoadAlignedNonTemporal	HW_Category_Helper	HW_Flag_InvalidNodeId
X64	Vector128	LoadUnsafe	HW_Category_Helper	HW_Flag_InvalidNodeId
X64	Vector128	Max	HW_Category_Helper	HW_Flag_InvalidNodeId
X64	Vector128	MaxMagnitude	HW_Category_Helper	HW_Flag_InvalidNodeId
X64	Vector128	MaxMagnitudeNumber	HW_Category_Helper	HW_Flag_InvalidNodeId
X64	Vector128	MaxNative	HW_Category_Helper	HW_Flag_InvalidNodeId
X64	Vector128	MaxNumber	HW_Category_Helper	HW_Flag_InvalidNodeId
X64	Vector128	Min	HW_Category_Helper	HW_Flag_InvalidNodeId
X64	Vector128	MinMagnitude	HW_Category_Helper	HW_Flag_InvalidNodeId
X64	Vector128	MinMagnitudeNumber	HW_Category_Helper	HW_Flag_InvalidNodeId
X64	Vector128	MinNative	HW_Category_Helper	HW_Flag_InvalidNodeId
X64	Vector128	MinNumber	HW_Category_Helper	HW_Flag_InvalidNodeId
X64	Vector128	MultiplyAddEstimate	HW_Category_Helper	HW_Flag_InvalidNodeId
X64	Vector128	Narrow	HW_Category_Helper	HW_Flag_InvalidNodeId
X64	Vector128	NarrowWithSaturation	HW_Category_Helper	HW_Flag_BaseTypeFromFirstArg|HW_Flag_InvalidNodeId
X64	Vector128	Round	HW_Category_Helper	HW_Flag_InvalidNodeId
X64	Vector128	ShiftLeft	HW_Category_Helper	HW_Flag_InvalidNodeId
X64	Vector128	Shuffle	HW_Category_Helper	HW_Flag_CanBenefitFromConstantProp|HW_Flag_SpecialCodeGen|HW_Flag_SpecialImport
X64	Vector128	ShuffleNative	HW_Category_Helper	HW_Flag_CanBenefitFromConstantProp|HW_Flag_SpecialCodeGen|HW_Flag_SpecialImport
X64	Vector128	ShuffleNativeFallback	HW_Category_Helper	HW_Flag_CanBenefitFromConstantProp|HW_Flag_SpecialCodeGen|HW_Flag_SpecialImport
X64	Vector128	Sqrt	HW_Category_Helper	HW_Flag_InvalidNodeId
X64	Vector128	StoreAligned	HW_Category_Helper	HW_Flag_BaseTypeFromFirstArg|HW_Flag_InvalidNodeId
X64	Vector128	StoreAlignedNonTemporal	HW_Category_Helper	HW_Flag_BaseTypeFromFirstArg|HW_Flag_InvalidNodeId
X64	Vector128	StoreUnsafe	HW_Category_Helper	HW_Flag_BaseTypeFromFirstArg|HW_Flag_InvalidNodeId
X64	Vector128	SubtractSaturate	HW_Category_Helper	HW_Flag_InvalidNodeId
X64	Vector128	Sum	HW_Category_Helper	HW_Flag_BaseTypeFromFirstArg|HW_Flag_InvalidNodeId
X64	Vector128	ToScalar	HW_Category_SIMDScalar	HW_Flag_BaseTypeFromFirstArg|HW_Flag_NoRMWSemantics|HW_Flag_SpecialCodeGen|HW_Flag_SpecialImport
X64	Vector128	ToVector256	HW_Category_SimpleSIMD	HW_Flag_BaseTypeFromFirstArg|HW_Flag_NoRMWSemantics|HW_Flag_NormalizeSmallTypeToInt|HW_Flag_SpecialCodeGen
X64	Vector128	ToVector256Unsafe	HW_Category_SimpleSIMD	HW_Flag_BaseTypeFromFirstArg|HW_Flag_NoRMWSemantics|HW_Flag_NormalizeSmallTypeToInt|HW_Flag_SpecialCodeGen
X64	Vector128	ToVector512	HW_Category_SimpleSIMD	HW_Flag_BaseTypeFromFirstArg|HW_Flag_NoRMWSemantics|HW_Flag_NormalizeSmallTypeToInt|HW_Flag_SpecialCodeGen
X64	Vector128	Truncate	HW_Category_Helper	HW_Flag_InvalidNodeId
X64	Vector128	WidenLower	HW_Category_Helper	HW_Flag_BaseTypeFromFirstArg|HW_Flag_InvalidNodeId
X64	Vector128	WidenUpper	HW_Category_Helper	HW_Flag_BaseTypeFromFirstArg|HW_Flag_InvalidNodeId
X64	Vector128	WithElement	HW_Category_Helper	HW_Flag_BaseTypeFromFirstArg|HW_Flag_NoContainment|HW_Flag_SpecialImport
X64	Vector128	get_AllBitsSet	HW_Category_Helper	HW_Flag_InvalidNodeId
X64	Vector128	get_Indices	HW_Category_Helper	HW_Flag_InvalidNodeId
X64	Vector128	get_One	HW_Category_Helper	HW_Flag_InvalidNodeId
X64	Vector128	get_Zero	HW_Category_Helper	HW_Flag_InvalidNodeId
X64	Vector128	op_Addition	HW_Category_Helper	HW_Flag_InvalidNodeId
X64	Vector128	op_BitwiseAnd	HW_Category_Helper	HW_Flag_InvalidNodeId
X64	Vector128	op_BitwiseOr	HW_Category_Helper	HW_Flag_InvalidNodeId
X64	Vector128	op_Division	HW_Category_Helper	HW_Flag_SpecialImport|HW_Flag_SpecialSideEffect_Other
X64	Vector128	op_Equality	HW_Category_Helper	HW_Flag_CanBenefitFromConstantProp|HW_Flag_Commutative|HW_Flag_NoCodeGen|HW_Flag_SpecialImport
X64	Vector128	op_ExclusiveOr	HW_Category_Helper	HW_Flag_InvalidNodeId
X64	Vector128	op_Inequality	HW_Category_Helper	HW_Flag_CanBenefitFromConstantProp|HW_Flag_Commutative|HW_Flag_NoCodeGen|HW_Flag_SpecialImport
X64	Vector128	op_LeftShift	HW_Category_Helper	HW_Flag_InvalidNodeId
X64	Vector128	op_Multiply	HW_Category_Helper	HW_Flag_InvalidNodeId
X64	Vector128	op_OnesComplement	HW_Category_Helper	HW_Flag_InvalidNodeId
X64	Vector128	op_RightShift	HW_Category_Helper	HW_Flag_InvalidNodeId
X64	Vector128	op_Subtraction	HW_Category_Helper	HW_Flag_InvalidNodeId
X64	Vector128	op_UnaryNegation	HW_Category_Helper	HW_Flag_InvalidNodeId
X64	Vector128	op_UnaryPlus	HW_Category_Helper	HW_Flag_InvalidNodeId
X64	Vector128	op_UnsignedRightShift	HW_Category_Helper	HW_Flag_InvalidNodeId
X64	Vector256	Abs	HW_Category_Helper	HW_Flag_InvalidNodeId
X64	Vector256	AddSaturate	HW_Category_Helper	HW_Flag_InvalidNodeId
X64	Vector256	AndNot	HW_Category_Helper	HW_Flag_AvxOnlyCompatible|HW_Flag_InvalidNodeId
X64	Vector256	As	HW_Category_Helper	HW_Flag_AvxOnlyCompatible|HW_Flag_BaseTypeFromFirstArg|HW_Flag_InvalidNodeId
X64	Vector256	AsByte	HW_Category_Helper	HW_Flag_AvxOnlyCompatible|HW_Flag_BaseTypeFromFirstArg|HW_Flag_InvalidNodeId
X64	Vector256	AsDouble	HW_Category_Helper	HW_Flag_AvxOnlyCompatible|HW_Flag_BaseTypeFromFirstArg|HW_Flag_InvalidNodeId
X64	Vector256	AsInt16	HW_Category_Helper	HW_Flag_AvxOnlyCompatible|HW_Flag_BaseTypeFromFirstArg|HW_Flag_InvalidNodeId
X64	Vector256	AsInt32	HW_Category_Helper	HW_Flag_AvxOnlyCompatible|HW_Flag_BaseTypeFromFirstArg|HW_Flag_InvalidNodeId
X64	Vector256	AsInt64	HW_Category_Helper	HW_Flag_AvxOnlyCompatible|HW_Flag_BaseTypeFromFirstArg|HW_Flag_InvalidNodeId
X64	Vector256	AsNInt	HW_Category_Helper	HW_Flag_AvxOnlyCompatible|HW_Flag_BaseTypeFromFirstArg|HW_Flag_InvalidNodeId
X64	Vector256	AsNUInt	HW_Category_Helper	HW_Flag_AvxOnlyCompatible|HW_Flag_BaseTypeFromFirstArg|HW_Flag_InvalidNodeId
X64	Vector256	AsSByte	HW_Category_Helper	HW_Flag_AvxOnlyCompatible|HW_Flag_BaseTypeFromFirstArg|HW_Flag_InvalidNodeId
X64	Vector256	AsSingle	HW_Category_Helper	HW_Flag_AvxOnlyCompatible|HW_Flag_BaseTypeFromFirstArg|HW_Flag_InvalidNodeId
X64	Vector256	AsUInt16	HW_Category_Helper	HW_Flag_AvxOnlyCompatible|HW_Flag_BaseTypeFromFirstArg|HW_Flag_InvalidNodeId
X64	Vector256	AsUInt32	HW_Category_Helper	HW_Flag_AvxOnlyCompatible|HW_Flag_BaseTypeFromFirstArg|HW_Flag_InvalidNodeId
X64	Vector256	AsUInt64	HW_Category_Helper	HW_Flag_AvxOnlyCompatible|HW_Flag_BaseTypeFromFirstArg|HW_Flag_InvalidNodeId
X64	Vector256	AsVector	HW_Category_Helper	HW_Flag_AvxOnlyCompatible|HW_Flag_BaseTypeFromFirstArg|HW_Flag_InvalidNodeId
X64	Vector256	AsVector256	HW_Category_Helper	HW_Flag_AvxOnlyCompatible|HW_Flag_BaseTypeFromFirstArg|HW_Flag_InvalidNodeId
X64	Vector256	Ceiling	HW_Category_Helper	HW_Flag_AvxOnlyCompatible|HW_Flag_InvalidNodeId
X64	Vector256	ConditionalSelect	HW_Category_Helper	HW_Flag_AvxOnlyCompatible|HW_Flag_NoCodeGen|HW_Flag_SpecialImport
X64	Vector256	ConvertToDouble	HW_Category_Helper	HW_Flag_BaseTypeFromFirstArg|HW_Flag_InvalidNodeId
X64	Vector256	ConvertToInt32	HW_Category_Helper	HW_Flag_AvxOnlyCompatible|HW_Flag_BaseTypeFromFirstArg|HW_Flag_InvalidNodeId
X64	Vector256	ConvertToInt32Native	HW_Category_Helper	HW_Flag_AvxOnlyCompatible|HW_Flag_BaseTypeFromFirstArg|HW_Flag_InvalidNodeId
X64	Vector256	ConvertToInt64	HW_Category_Helper	HW_Flag_BaseTypeFromFirstArg|HW_Flag_InvalidNodeId
X64	Vector256	ConvertToInt64Native	HW_Category_Helper	HW_Flag_BaseTypeFromFirstArg|HW_Flag_InvalidNodeId
X64	Vector256	ConvertToSingle	HW_Category_Helper	HW_Flag_AvxOnlyCompatible|HW_Flag_BaseTypeFromFirstArg|HW_Flag_InvalidNodeId
X64	Vector256	ConvertToUInt32	HW_Category_Helper	HW_Flag_BaseTypeFromFirstArg|HW_Flag_InvalidNodeId
X64	Vector256	ConvertToUInt32Native	HW_Category_Helper	HW_Flag_BaseTypeFromFirstArg|HW_Flag_InvalidNodeId
X64	Vector256	ConvertToUInt64	HW_Category_Helper	HW_Flag_BaseTypeFromFirstArg|HW_Flag_InvalidNodeId
X64	Vector256	ConvertToUInt64Native	HW_Category_Helper	HW_Flag_BaseTypeFromFirstArg|HW_Flag_InvalidNodeId
X64	Vector256	Create	HW_Category_Helper	HW_Flag_AvxOnlyCompatible|HW_Flag_NoCodeGen|HW_Flag_SpecialImport
X64	Vector256	CreateScalar	HW_Category_SIMDScalar	HW_Flag_AvxOnlyCompatible|HW_Flag_SpecialCodeGen|HW_Flag_SpecialImport
X64	Vector256	CreateScalarUnsafe	HW_Category_SIMDScalar	HW_Flag_AvxOnlyCompatible|HW_Flag_SpecialCodeGen|HW_Flag_SpecialImport
X64	Vector256	CreateSequence	HW_Category_Helper	HW_Flag_AvxOnlyCompatible|HW_Flag_InvalidNodeId
X64	Vector256	Dot	HW_Category_Helper	HW_Flag_BaseTypeFromFirstArg|HW_Flag_NoCodeGen|HW_Flag_SpecialImport
X64	Vector256	Equals	HW_Category_Helper	HW_Flag_BaseTypeFromFirstArg|HW_Flag_InvalidNodeId
X64	Vector256	EqualsAny	HW_Category_Helper	HW_Flag_BaseTypeFromFirstArg|HW_Flag_InvalidNodeId
X64	Vector256	ExtractMostSignificantBits	HW_Category_Helper	HW_Flag_BaseTypeFromFirstArg|HW_Flag_NoCodeGen|HW_Flag_SpecialImport
X64	Vector256	Floor	HW_Category_Helper	HW_Flag_AvxOnlyCompatible|HW_Flag_InvalidNodeId
X64	Vector256	FusedMultiplyAdd	HW_Category_Helper	HW_Flag_InvalidNodeId
X64	Vector256	GetElement	HW_Category_Helper	HW_Flag_AvxOnlyCompatible|HW_Flag_BaseTypeFromFirstArg|HW_Flag_SpecialImport
X64	Vector256	GetLower	HW_Category_SimpleSIMD	HW_Flag_AvxOnlyCompatible|HW_Flag_NormalizeSmallTypeToInt|HW_Flag_SpecialCodeGen
X64	Vector256	GetUpper	HW_Category_Helper	HW_Flag_AvxOnlyCompatible|HW_Flag_NoCodeGen|HW_Flag_SpecialImport
X64	Vector256	GreaterThan	HW_Category_Helper	HW_Flag_BaseTypeFromFirstArg|HW_Flag_InvalidNodeId
X64	Vector256	GreaterThanAll	HW_Category_Helper	HW_Flag_BaseTypeFromFirstArg|HW_Flag_InvalidNodeId
X64	Vector256	GreaterThanAny	HW_Category_Helper	HW_Flag_BaseTypeFromFirstArg|HW_Flag_InvalidNodeId
X64	Vector256	GreaterThanOrEqual	HW_Category_Helper	HW_Flag_BaseTypeFromFirstArg|HW_Flag_InvalidNodeId
X64	Vector256	GreaterThanOrEqualAll	HW_Category_Helper	HW_Flag_BaseTypeFromFirstArg|HW_Flag_InvalidNodeId
X64	Vector256	GreaterThanOrEqualAny	HW_Category_Helper	HW_Flag_BaseTypeFromFirstArg|HW_Flag_InvalidNodeId
X64	Vector256	IsEvenInteger	HW_Category_Helper	HW_Flag_InvalidNodeId
X64	Vector256	IsFinite	HW_Category_Helper	HW_Flag_InvalidNodeId
X64	Vector256	IsInfinity	HW_Category_Helper	HW_Flag_InvalidNodeId
X64	Vector256	IsInteger	HW_Category_Helper	HW_Flag_InvalidNodeId
X64	Vector256	IsNaN	HW_Category_Helper	HW_Flag_InvalidNodeId
X64	Vector256	IsNegative	HW_Category_Helper	HW_Flag_InvalidNodeId
X64	Vector256	IsNegativeInfinity	HW_Category_Helper	HW_Flag_InvalidNodeId
X64	Vector256	IsNormal	HW_Category_Helper	HW_Flag_InvalidNodeId
X64	Vector256	IsOddInteger	HW_Category_Helper	HW_Flag_InvalidNodeId
X64	Vector256	IsPositive	HW_Category_Helper	HW_Flag_InvalidNodeId
X64	Vector256	IsPositiveInfinity	HW_Category_Helper	HW_Flag_InvalidNodeId
X64	Vector256	IsSubnormal	HW_Category_Helper	HW_Flag_InvalidNodeId
X64	Vector256	IsZero	HW_Category_Helper	HW_Flag_InvalidNodeId
X64	Vector256	LessThan	HW_Category_Helper	HW_Flag_BaseTypeFromFirstArg|HW_Flag_InvalidNodeId
X64	Vector256	LessThanAll	HW_Category_Helper	HW_Flag_BaseTypeFromFirstArg|HW_Flag_InvalidNodeId
X64	Vector256	LessThanAny	HW_Category_Helper	HW_Flag_BaseTypeFromFirstArg|HW_Flag_InvalidNodeId
X64	Vector256	LessThanOrEqual	HW_Category_Helper	HW_Flag_BaseTypeFromFirstArg|HW_Flag_InvalidNodeId
X64	Vector256	LessThanOrEqualAll	HW_Category_Helper	HW_Flag_BaseTypeFromFirstArg|HW_Flag_InvalidNodeId
X64	Vector256	LessThanOrEqualAny	HW_Category_Helper	HW_Flag_BaseTypeFromFirstArg|HW_Flag_InvalidNodeId
X64	Vector256	LoadAligned	HW_Category_Helper	HW_Flag_AvxOnlyCompatible|HW_Flag_InvalidNodeId
X64	Vector256	LoadAlignedNonTemporal	HW_Category_Helper	HW_Flag_AvxOnlyCompatible|HW_Flag_InvalidNodeId
X64	Vector256	LoadUnsafe	HW_Category_Helper	HW_Flag_AvxOnlyCompatible|HW_Flag_InvalidNodeId
X64	Vector256	Max	HW_Category_Helper	HW_Flag_InvalidNodeId
X64	Vector256	MaxMagnitude	HW_Category_Helper	HW_Flag_InvalidNodeId
X64	Vector256	MaxMagnitudeNumber	HW_Category_Helper	HW_Flag_InvalidNodeId
X64	Vector256	MaxNative	HW_Category_Helper	HW_Flag_InvalidNodeId
X64	Vector256	MaxNumber	HW_Category_Helper	HW_Flag_InvalidNodeId
X64	Vector256	Min	HW_Category_Helper	HW_Flag_InvalidNodeId
X64	Vector256	MinMagnitude	HW_Category_Helper	HW_Flag_InvalidNodeId
X64	Vector256	MinMagnitudeNumber	HW_Category_Helper	HW_Flag_InvalidNodeId
X64	Vector256	MinNative	HW_Category_Helper	HW_Flag_InvalidNodeId
X64	Vector256	MinNumber	HW_Category_Helper	HW_Flag_InvalidNodeId
X64	Vector256	MultiplyAddEstimate	HW_Category_Helper	HW_Flag_InvalidNodeId
X64	Vector256	Narrow	HW_Category_Helper	HW_Flag_InvalidNodeId
X64	Vector256	NarrowWithSaturation	HW_Category_Helper	HW_Flag_BaseTypeFromFirstArg|HW_Flag_InvalidNodeId
X64	Vector256	Round	HW_Category_Helper	HW_Flag_InvalidNodeId
X64	Vector256	ShiftLeft	HW_Category_Helper	HW_Flag_InvalidNodeId
X64	Vector256	Shuffle	HW_Category_Helper	HW_Flag_CanBenefitFromConstantProp|HW_Flag_SpecialCodeGen|HW_Flag_SpecialImport
X64	Vector256	ShuffleNative	HW_Category_Helper	HW_Flag_CanBenefitFromConstantProp|HW_Flag_SpecialCodeGen|HW_Flag_SpecialImport
X64	Vector256	ShuffleNativeFallback	HW_Category_Helper	HW_Flag_CanBenefitFromConstantProp|HW_Flag_SpecialCodeGen|HW_Flag_SpecialImport
X64	Vector256	Sqrt	HW_Category_Helper	HW_Flag_AvxOnlyCompatible|HW_Flag_InvalidNodeId
X64	Vector256	StoreAligned	HW_Category_Helper	HW_Flag_AvxOnlyCompatible|HW_Flag_BaseTypeFromFirstArg|HW_Flag_InvalidNodeId
X64	Vector256	StoreAlignedNonTemporal	HW_Category_Helper	HW_Flag_AvxOnlyCompatible|HW_Flag_BaseTypeFromFirstArg|HW_Flag_InvalidNodeId
X64	Vector256	StoreUnsafe	HW_Category_Helper	HW_Flag_AvxOnlyCompatible|HW_Flag_BaseTypeFromFirstArg|HW_Flag_InvalidNodeId
X64	Vector256	SubtractSaturate	HW_Category_Helper	HW_Flag_InvalidNodeId
X64	Vector256	Sum	HW_Category_Helper	HW_Flag_BaseTypeFromFirstArg|HW_Flag_InvalidNodeId
X64	Vector256	ToScalar	HW_Category_SIMDScalar	HW_Flag_AvxOnlyCompatible|HW_Flag_BaseTypeFromFirstArg|HW_Flag_SpecialCodeGen|HW_Flag_SpecialImport
X64	Vector256	ToVector512	HW_Category_SimpleSIMD	HW_Flag_BaseTypeFromFirstArg|HW_Flag_NormalizeSmallTypeToInt|HW_Flag_SpecialCodeGen
X64	Vector256	ToVector512Unsafe	HW_Category_SimpleSIMD	HW_Flag_BaseTypeFromFirstArg|HW_Flag_NormalizeSmallTypeToInt|HW_Flag_SpecialCodeGen
X64	Vector256	Truncate	HW_Category_Helper	HW_Flag_InvalidNodeId
X64	Vector256	WidenLower	HW_Category_Helper	HW_Flag_BaseTypeFromFirstArg|HW_Flag_InvalidNodeId
X64	Vector256	WidenUpper	HW_Category_Helper	HW_Flag_BaseTypeFromFirstArg|HW_Flag_InvalidNodeId
X64	Vector256	WithElement	HW_Category_Helper	HW_Flag_AvxOnlyCompatible|HW_Flag_BaseTypeFromFirstArg|HW_Flag_NoContainment|HW_Flag_SpecialImport
X64	Vector256	WithLower	HW_Category_Helper	HW_Flag_AvxOnlyCompatible|HW_Flag_NoCodeGen|HW_Flag_SpecialImport
X64	Vector256	WithUpper	HW_Category_Helper	HW_Flag_AvxOnlyCompatible|HW_Flag_NoCodeGen|HW_Flag_SpecialImport
X64	Vector256	get_AllBitsSet	HW_Category_Helper	HW_Flag_AvxOnlyCompatible|HW_Flag_InvalidNodeId
X64	Vector256	get_Indices	HW_Category_Helper	HW_Flag_InvalidNodeId
X64	Vector256	get_One	HW_Category_Helper	HW_Flag_InvalidNodeId
X64	Vector256	get_Zero	HW_Category_Helper	HW_Flag_AvxOnlyCompatible|HW_Flag_InvalidNodeId
X64	Vector256	op_Addition	HW_Category_Helper	HW_Flag_InvalidNodeId
X64	Vector256	op_BitwiseAnd	HW_Category_Helper	HW_Flag_AvxOnlyCompatible|HW_Flag_InvalidNodeId
X64	Vector256	op_BitwiseOr	HW_Category_Helper	HW_Flag_AvxOnlyCompatible|HW_Flag_InvalidNodeId
X64	Vector256	op_Division	HW_Category_Helper	HW_Flag_SpecialImport|HW_Flag_SpecialSideEffect_Other
X64	Vector256	op_Equality	HW_Category_Helper	HW_Flag_CanBenefitFromConstantProp|HW_Flag_Commutative|HW_Flag_NoCodeGen|HW_Flag_SpecialImport
X64	Vector256	op_ExclusiveOr	HW_Category_Helper	HW_Flag_AvxOnlyCompatible|HW_Flag_InvalidNodeId
X64	Vector256	op_Inequality	HW_Category_Helper	HW_Flag_CanBenefitFromConstantProp|HW_Flag_Commutative|HW_Flag_NoCodeGen|HW_Flag_SpecialImport
X64	Vector256	op_LeftShift	HW_Category_Helper	HW_Flag_InvalidNodeId
X64	Vector256	op_Multiply	HW_Category_Helper	HW_Flag_InvalidNodeId
X64	Vector256	op_OnesComplement	HW_Category_Helper	HW_Flag_AvxOnlyCompatible|HW_Flag_InvalidNodeId
X64	Vector256	op_RightShift	HW_Category_Helper	HW_Flag_InvalidNodeId
X64	Vector256	op_Subtraction	HW_Category_Helper	HW_Flag_InvalidNodeId
X64	Vector256	op_UnaryNegation	HW_Category_Helper	HW_Flag_InvalidNodeId
X64	Vector256	op_UnaryPlus	HW_Category_Helper	HW_Flag_AvxOnlyCompatible|HW_Flag_InvalidNodeId
X64	Vector256	op_UnsignedRightShift	HW_Category_Helper	HW_Flag_InvalidNodeId
X64	Vector512	Abs	HW_Category_Helper	HW_Flag_InvalidNodeId
X64	Vector512	AddSaturate	HW_Category_Helper	HW_Flag_InvalidNodeId
X64	Vector512	AndNot	HW_Category_Helper	HW_Flag_InvalidNodeId
X64	Vector512	As	HW_Category_Helper	HW_Flag_BaseTypeFromFirstArg|HW_Flag_InvalidNodeId
X64	Vector512	AsByte	HW_Category_Helper	HW_Flag_BaseTypeFromFirstArg|HW_Flag_InvalidNodeId
X64	Vector512	AsDouble	HW_Category_Helper	HW_Flag_BaseTypeFromFirstArg|HW_Flag_InvalidNodeId
X64	Vector512	AsInt16	HW_Category_Helper	HW_Flag_BaseTypeFromFirstArg|HW_Flag_InvalidNodeId
X64	Vector512	AsInt32	HW_Category_Helper	HW_Flag_BaseTypeFromFirstArg|HW_Flag_InvalidNodeId
X64	Vector512	AsInt64	HW_Category_Helper	HW_Flag_BaseTypeFromFirstArg|HW_Flag_InvalidNodeId
X64	Vector512	AsNInt	HW_Category_Helper	HW_Flag_BaseTypeFromFirstArg|HW_Flag_InvalidNodeId
X64	Vector512	AsNUInt	HW_Category_Helper	HW_Flag_BaseTypeFromFirstArg|HW_Flag_InvalidNodeId
X64	Vector512	AsSByte	HW_Category_Helper	HW_Flag_BaseTypeFromFirstArg|HW_Flag_InvalidNodeId
X64	Vector512	AsSingle	HW_Category_Helper	HW_Flag_BaseTypeFromFirstArg|HW_Flag_InvalidNodeId
X64	Vector512	AsUInt16	HW_Category_Helper	HW_Flag_BaseTypeFromFirstArg|HW_Flag_InvalidNodeId
X64	Vector512	AsUInt32	HW_Category_Helper	HW_Flag_BaseTypeFromFirstArg|HW_Flag_InvalidNodeId
X64	Vector512	AsUInt64	HW_Category_Helper	HW_Flag_BaseTypeFromFirstArg|HW_Flag_InvalidNodeId
X64	Vector512	AsVector	HW_Category_Helper	HW_Flag_BaseTypeFromFirstArg|HW_Flag_InvalidNodeId
X64	Vector512	AsVector512	HW_Category_Helper	HW_Flag_BaseTypeFromFirstArg|HW_Flag_InvalidNodeId
X64	Vector512	Ceiling	HW_Category_Helper	HW_Flag_InvalidNodeId
X64	Vector512	ConditionalSelect	HW_Category_Helper	HW_Flag_NoCodeGen|HW_Flag_SpecialImport
X64	Vector512	ConvertToDouble	HW_Category_Helper	HW_Flag_BaseTypeFromFirstArg|HW_Flag_InvalidNodeId
X64	Vector512	ConvertToInt32	HW_Category_Helper	HW_Flag_BaseTypeFromFirstArg|HW_Flag_InvalidNodeId
X64	Vector512	ConvertToInt32Native	HW_Category_Helper	HW_Flag_BaseTypeFromFirstArg|HW_Flag_InvalidNodeId
X64	Vector512	ConvertToInt64	HW_Category_Helper	HW_Flag_BaseTypeFromFirstArg|HW_Flag_InvalidNodeId
X64	Vector512	ConvertToInt64Native	HW_Category_Helper	HW_Flag_BaseTypeFromFirstArg|HW_Flag_InvalidNodeId
X64	Vector512	ConvertToSingle	HW_Category_Helper	HW_Flag_BaseTypeFromFirstArg|HW_Flag_InvalidNodeId
X64	Vector512	ConvertToUInt32	HW_Category_Helper	HW_Flag_BaseTypeFromFirstArg|HW_Flag_InvalidNodeId
X64	Vector512	ConvertToUInt32Native	HW_Category_Helper	HW_Flag_BaseTypeFromFirstArg|HW_Flag_InvalidNodeId
X64	Vector512	ConvertToUInt64	HW_Category_Helper	HW_Flag_BaseTypeFromFirstArg|HW_Flag_InvalidNodeId
X64	Vector512	ConvertToUInt64Native	HW_Category_Helper	HW_Flag_BaseTypeFromFirstArg|HW_Flag_InvalidNodeId
X64	Vector512	Create	HW_Category_Helper	HW_Flag_NoCodeGen|HW_Flag_SpecialImport
X64	Vector512	CreateScalar	HW_Category_SIMDScalar	HW_Flag_SpecialCodeGen|HW_Flag_SpecialImport
X64	Vector512	CreateScalarUnsafe	HW_Category_SIMDScalar	HW_Flag_SpecialCodeGen|HW_Flag_SpecialImport
X64	Vector512	CreateSequence	HW_Category_Helper	HW_Flag_InvalidNodeId
X64	Vector512	Dot	HW_Category_Helper	HW_Flag_BaseTypeFromFirstArg|HW_Flag_NoCodeGen|HW_Flag_SpecialImport
X64	Vector512	Equals	HW_Category_Helper	HW_Flag_BaseTypeFromFirstArg|HW_Flag_InvalidNodeId
X64	Vector512	EqualsAny	HW_Category_Helper	HW_Flag_BaseTypeFromFirstArg|HW_Flag_InvalidNodeId
X64	Vector512	ExtractMostSignificantBits	HW_Category_Helper	HW_Flag_BaseTypeFromFirstArg|HW_Flag_InvalidNodeId
X64	Vector512	Floor	HW_Category_Helper	HW_Flag_InvalidNodeId
X64	Vector512	FusedMultiplyAdd	HW_Category_Helper	HW_Flag_InvalidNodeId
X64	Vector512	GetElement	HW_Category_Helper	HW_Flag_BaseTypeFromFirstArg|HW_Flag_SpecialImport
X64	Vector512	GetLower	HW_Category_SimpleSIMD	HW_Flag_NormalizeSmallTypeToInt|HW_Flag_SpecialCodeGen
X64	Vector512	GetLower128	HW_Category_SimpleSIMD	HW_Flag_BaseTypeFromFirstArg|HW_Flag_NormalizeSmallTypeToInt|HW_Flag_SpecialCodeGen
X64	Vector512	GetUpper	HW_Category_Helper	HW_Flag_NoCodeGen|HW_Flag_SpecialImport
X64	Vector512	GreaterThan	HW_Category_Helper	HW_Flag_BaseTypeFromFirstArg|HW_Flag_InvalidNodeId
X64	Vector512	GreaterThanAll	HW_Category_Helper	HW_Flag_BaseTypeFromFirstArg|HW_Flag_InvalidNodeId
X64	Vector512	GreaterThanAny	HW_Category_Helper	HW_Flag_BaseTypeFromFirstArg|HW_Flag_InvalidNodeId
X64	Vector512	GreaterThanOrEqual	HW_Category_Helper	HW_Flag_BaseTypeFromFirstArg|HW_Flag_InvalidNodeId
X64	Vector512	GreaterThanOrEqualAll	HW_Category_Helper	HW_Flag_BaseTypeFromFirstArg|HW_Flag_InvalidNodeId
X64	Vector512	GreaterThanOrEqualAny	HW_Category_Helper	HW_Flag_BaseTypeFromFirstArg|HW_Flag_InvalidNodeId
X64	Vector512	IsEvenInteger	HW_Category_Helper	HW_Flag_InvalidNodeId
X64	Vector512	IsFinite	HW_Category_Helper	HW_Flag_InvalidNodeId
X64	Vector512	IsInfinity	HW_Category_Helper	HW_Flag_InvalidNodeId
X64	Vector512	IsInteger	HW_Category_Helper	HW_Flag_InvalidNodeId
X64	Vector512	IsNaN	HW_Category_Helper	HW_Flag_InvalidNodeId
X64	Vector512	IsNegative	HW_Category_Helper	HW_Flag_InvalidNodeId
X64	Vector512	IsNegativeInfinity	HW_Category_Helper	HW_Flag_InvalidNodeId
X64	Vector512	IsNormal	HW_Category_Helper	HW_Flag_InvalidNodeId
X64	Vector512	IsOddInteger	HW_Category_Helper	HW_Flag_InvalidNodeId
X64	Vector512	IsPositive	HW_Category_Helper	HW_Flag_InvalidNodeId
X64	Vector512	IsPositiveInfinity	HW_Category_Helper	HW_Flag_InvalidNodeId
X64	Vector512	IsSubnormal	HW_Category_Helper	HW_Flag_InvalidNodeId
X64	Vector512	IsZero	HW_Category_Helper	HW_Flag_InvalidNodeId
X64	Vector512	LessThan	HW_Category_Helper	HW_Flag_BaseTypeFromFirstArg|HW_Flag_InvalidNodeId
X64	Vector512	LessThanAll	HW_Category_Helper	HW_Flag_BaseTypeFromFirstArg|HW_Flag_InvalidNodeId
X64	Vector512	LessThanAny	HW_Category_Helper	HW_Flag_BaseTypeFromFirstArg|HW_Flag_InvalidNodeId
X64	Vector512	LessThanOrEqual	HW_Category_Helper	HW_Flag_BaseTypeFromFirstArg|HW_Flag_InvalidNodeId
X64	Vector512	LessThanOrEqualAll	HW_Category_Helper	HW_Flag_BaseTypeFromFirstArg|HW_Flag_InvalidNodeId
X64	Vector512	LessThanOrEqualAny	HW_Category_Helper	HW_Flag_BaseTypeFromFirstArg|HW_Flag_InvalidNodeId
X64	Vector512	LoadAligned	HW_Category_Helper	HW_Flag_InvalidNodeId
X64	Vector512	LoadAlignedNonTemporal	HW_Category_Helper	HW_Flag_InvalidNodeId
X64	Vector512	LoadUnsafe	HW_Category_Helper	HW_Flag_InvalidNodeId
X64	Vector512	Max	HW_Category_Helper	HW_Flag_InvalidNodeId
X64	Vector512	MaxMagnitude	HW_Category_Helper	HW_Flag_InvalidNodeId
X64	Vector512	MaxMagnitudeNumber	HW_Category_Helper	HW_Flag_InvalidNodeId
X64	Vector512	MaxNative	HW_Category_Helper	HW_Flag_InvalidNodeId
X64	Vector512	MaxNumber	HW_Category_Helper	HW_Flag_InvalidNodeId
X64	Vector512	Min	HW_Category_Helper	HW_Flag_InvalidNodeId
X64	Vector512	MinMagnitude	HW_Category_Helper	HW_Flag_InvalidNodeId
X64	Vector512	MinMagnitudeNumber	HW_Category_Helper	HW_Flag_InvalidNodeId
X64	Vector512	MinNative	HW_Category_Helper	HW_Flag_InvalidNodeId
X64	Vector512	MinNumber	HW_Category_Helper	HW_Flag_InvalidNodeId
X64	Vector512	MultiplyAddEstimate	HW_Category_Helper	HW_Flag_InvalidNodeId
X64	Vector512	Narrow	HW_Category_Helper	HW_Flag_InvalidNodeId
X64	Vector512	NarrowWithSaturation	HW_Category_Helper	HW_Flag_BaseTypeFromFirstArg|HW_Flag_InvalidNodeId
X64	Vector512	Round	HW_Category_Helper	HW_Flag_InvalidNodeId
X64	Vector512	ShiftLeft	HW_Category_Helper	HW_Flag_InvalidNodeId
X64	Vector512	Shuffle	HW_Category_Helper	HW_Flag_CanBenefitFromConstantProp|HW_Flag_SpecialCodeGen|HW_Flag_SpecialImport
X64	Vector512	ShuffleNative	HW_Category_Helper	HW_Flag_CanBenefitFromConstantProp|HW_Flag_SpecialCodeGen|HW_Flag_SpecialImport
X64	Vector512	ShuffleNativeFallback	HW_Category_Helper	HW_Flag_CanBenefitFromConstantProp|HW_Flag_SpecialCodeGen|HW_Flag_SpecialImport
X64	Vector512	Sqrt	HW_Category_Helper	HW_Flag_InvalidNodeId
X64	Vector512	StoreAligned	HW_Category_Helper	HW_Flag_BaseTypeFromFirstArg|HW_Flag_InvalidNodeId
X64	Vector512	StoreAlignedNonTemporal	HW_Category_Helper	HW_Flag_BaseTypeFromFirstArg|HW_Flag_InvalidNodeId
X64	Vector512	StoreUnsafe	HW_Category_Helper	HW_Flag_BaseTypeFromFirstArg|HW_Flag_InvalidNodeId
X64	Vector512	SubtractSaturate	HW_Category_Helper	HW_Flag_InvalidNodeId
X64	Vector512	Sum	HW_Category_Helper	HW_Flag_BaseTypeFromFirstArg|HW_Flag_InvalidNodeId
X64	Vector512	ToScalar	HW_Category_SIMDScalar	HW_Flag_BaseTypeFromFirstArg|HW_Flag_SpecialCodeGen|HW_Flag_SpecialImport
X64	Vector512	Truncate	HW_Category_Helper	HW_Flag_InvalidNodeId
X64	Vector512	WidenLower	HW_Category_Helper	HW_Flag_BaseTypeFromFirstArg|HW_Flag_InvalidNodeId
X64	Vector512	WidenUpper	HW_Category_Helper	HW_Flag_BaseTypeFromFirstArg|HW_Flag_InvalidNodeId
X64	Vector512	WithElement	HW_Category_Helper	HW_Flag_BaseTypeFromFirstArg|HW_Flag_NoContainment|HW_Flag_SpecialImport
X64	Vector512	WithLower	HW_Category_Helper	HW_Flag_NoCodeGen|HW_Flag_SpecialImport
X64	Vector512	WithUpper	HW_Category_Helper	HW_Flag_NoCodeGen|HW_Flag_SpecialImport
X64	Vector512	get_AllBitsSet	HW_Category_Helper	HW_Flag_InvalidNodeId
X64	Vector512	get_Indices	HW_Category_Helper	HW_Flag_InvalidNodeId
X64	Vector512	get_One	HW_Category_Helper	HW_Flag_InvalidNodeId
X64	Vector512	get_Zero	HW_Category_Helper	HW_Flag_InvalidNodeId
X64	Vector512	op_Addition	HW_Category_Helper	HW_Flag_InvalidNodeId
X64	Vector512	op_BitwiseAnd	HW_Category_Helper	HW_Flag_InvalidNodeId
X64	Vector512	op_BitwiseOr	HW_Category_Helper	HW_Flag_InvalidNodeId
X64	Vector512	op_Division	HW_Category_Helper	HW_Flag_InvalidNodeId
X64	Vector512	op_Equality	HW_Category_Helper	HW_Flag_CanBenefitFromConstantProp|HW_Flag_Commutative|HW_Flag_NoCodeGen|HW_Flag_SpecialImport
X64	Vector512	op_ExclusiveOr	HW_Category_Helper	HW_Flag_InvalidNodeId
X64	Vector512	op_Inequality	HW_Category_Helper	HW_Flag_CanBenefitFromConstantProp|HW_Flag_Commutative|HW_Flag_NoCodeGen|HW_Flag_SpecialImport
X64	Vector512	op_LeftShift	HW_Category_Helper	HW_Flag_InvalidNodeId
X64	Vector512	op_Multiply	HW_Category_Helper	HW_Flag_InvalidNodeId
X64	Vector512	op_OnesComplement	HW_Category_Helper	HW_Flag_InvalidNodeId
X64	Vector512	op_RightShift	HW_Category_Helper	HW_Flag_InvalidNodeId
X64	Vector512	op_Subtraction	HW_Category_Helper	HW_Flag_InvalidNodeId
X64	Vector512	op_UnaryNegation	HW_Category_Helper	HW_Flag_InvalidNodeId
X64	Vector512	op_UnaryPlus	HW_Category_Helper	HW_Flag_InvalidNodeId
X64	Vector512	op_UnsignedRightShift	HW_Category_Helper	HW_Flag_InvalidNodeId
X64	X86Base	Add	HW_Category_SimpleSIMD	HW_Flag_Commutative
X64	X86Base	AddSaturate	HW_Category_SimpleSIMD	HW_Flag_Commutative
X64	X86Base	AddScalar	HW_Category_SIMDScalar	HW_Flag_CopyUpperBits
X64	X86Base	And	HW_Category_SimpleSIMD	HW_Flag_Commutative|HW_Flag_NormalizeSmallTypeToInt
X64	X86Base	AndNot	HW_Category_SimpleSIMD	HW_Flag_NormalizeSmallTypeToInt|HW_Flag_SpecialImport
X64	X86Base	Average	HW_Category_SimpleSIMD	HW_Flag_Commutative
X64	X86Base	BitScanForward	HW_Category_Scalar	HW_Flag_NoFloatingPointUsed|HW_Flag_NoRMWSemantics
X64	X86Base	BitScanReverse	HW_Category_Scalar	HW_Flag_NoFloatingPointUsed|HW_Flag_NoRMWSemantics
X64	X86Base	COMIS	HW_Category_SIMDScalar	HW_Flag_NoRMWSemantics
X64	X86Base	CompareEqual	HW_Category_SimpleSIMD	HW_Flag_Commutative|HW_Flag_NoEvexSemantics|HW_Flag_ReturnsPerElementMask|HW_Flag_SpecialImport
X64	X86Base	CompareGreaterThan	HW_Category_SimpleSIMD	HW_Flag_NoEvexSemantics|HW_Flag_ReturnsPerElementMask|HW_Flag_SpecialImport
X64	X86Base	CompareGreaterThanOrEqual	HW_Category_SimpleSIMD	HW_Flag_NoEvexSemantics|HW_Flag_ReturnsPerElementMask|HW_Flag_SpecialImport
X64	X86Base	CompareLessThan	HW_Category_SimpleSIMD	HW_Flag_NoEvexSemantics|HW_Flag_ReturnsPerElementMask|HW_Flag_SpecialImport
X64	X86Base	CompareLessThanOrEqual	HW_Category_SimpleSIMD	HW_Flag_NoEvexSemantics|HW_Flag_ReturnsPerElementMask|HW_Flag_SpecialImport
X64	X86Base	CompareNotEqual	HW_Category_SimpleSIMD	HW_Flag_Commutative|HW_Flag_NoEvexSemantics|HW_Flag_ReturnsPerElementMask|HW_Flag_SpecialImport
X64	X86Base	CompareNotGreaterThan	HW_Category_SimpleSIMD	HW_Flag_NoEvexSemantics|HW_Flag_ReturnsPerElementMask|HW_Flag_SpecialImport
X64	X86Base	CompareNotGreaterThanOrEqual	HW_Category_SimpleSIMD	HW_Flag_NoEvexSemantics|HW_Flag_ReturnsPerElementMask|HW_Flag_SpecialImport
X64	X86Base	CompareNotLessThan	HW_Category_SimpleSIMD	HW_Flag_NoEvexSemantics|HW_Flag_ReturnsPerElementMask|HW_Flag_SpecialImport
X64	X86Base	CompareNotLessThanOrEqual	HW_Category_SimpleSIMD	HW_Flag_NoEvexSemantics|HW_Flag_ReturnsPerElementMask|HW_Flag_SpecialImport
X64	X86Base	CompareOrdered	HW_Category_SimpleSIMD	HW_Flag_NoEvexSemantics|HW_Flag_ReturnsPerElementMask|HW_Flag_SpecialImport
X64	X86Base	CompareScalarEqual	HW_Category_SIMDScalar	HW_Flag_CopyUpperBits|HW_Flag_NoEvexSemantics
X64	X86Base	CompareScalarGreaterThan	HW_Category_SIMDScalar	HW_Flag_CopyUpperBits|HW_Flag_NoEvexSemantics|HW_Flag_SpecialImport
X64	X86Base	CompareScalarGreaterThanOrEqual	HW_Category_SIMDScalar	HW_Flag_CopyUpperBits|HW_Flag_NoEvexSemantics|HW_Flag_SpecialImport
X64	X86Base	CompareScalarLessThan	HW_Category_SIMDScalar	HW_Flag_CopyUpperBits|HW_Flag_NoEvexSemantics
X64	X86Base	CompareScalarLessThanOrEqual	HW_Category_SIMDScalar	HW_Flag_CopyUpperBits|HW_Flag_NoEvexSemantics
X64	X86Base	CompareScalarNotEqual	HW_Category_SIMDScalar	HW_Flag_CopyUpperBits|HW_Flag_NoEvexSemantics
X64	X86Base	CompareScalarNotGreaterThan	HW_Category_SIMDScalar	HW_Flag_CopyUpperBits|HW_Flag_NoEvexSemantics|HW_Flag_SpecialImport
X64	X86Base	CompareScalarNotGreaterThanOrEqual	HW_Category_SIMDScalar	HW_Flag_CopyUpperBits|HW_Flag_NoEvexSemantics|HW_Flag_SpecialImport
X64	X86Base	CompareScalarNotLessThan	HW_Category_SIMDScalar	HW_Flag_CopyUpperBits|HW_Flag_NoEvexSemantics
X64	X86Base	CompareScalarNotLessThanOrEqual	HW_Category_SIMDScalar	HW_Flag_CopyUpperBits|HW_Flag_NoEvexSemantics
X64	X86Base	CompareScalarOrdered	HW_Category_SIMDScalar	HW_Flag_CopyUpperBits|HW_Flag_NoEvexSemantics
X64	X86Base	CompareScalarOrderedEqual	HW_Category_SIMDScalar	HW_Flag_BaseTypeFromFirstArg|HW_Flag_Commutative|HW_Flag_NoRMWSemantics
X64	X86Base	CompareScalarOrderedGreaterThan	HW_Category_SIMDScalar	HW_Flag_BaseTypeFromFirstArg|HW_Flag_NoRMWSemantics
X64	X86Base	CompareScalarOrderedGreaterThanOrEqual	HW_Category_SIMDScalar	HW_Flag_BaseTypeFromFirstArg|HW_Flag_NoRMWSemantics
X64	X86Base	CompareScalarOrderedLessThan	HW_Category_SIMDScalar	HW_Flag_BaseTypeFromFirstArg|HW_Flag_NoRMWSemantics
X64	X86Base	CompareScalarOrderedLessThanOrEqual	HW_Category_SIMDScalar	HW_Flag_BaseTypeFromFirstArg|HW_Flag_NoRMWSemantics
X64	X86Base	CompareScalarOrderedNotEqual	HW_Category_SIMDScalar	HW_Flag_BaseTypeFromFirstArg|HW_Flag_Commutative|HW_Flag_NoRMWSemantics|HW_Flag_SpecialCodeGen
X64	X86Base	CompareScalarUnordered	HW_Category_SIMDScalar	HW_Flag_CopyUpperBits|HW_Flag_NoEvexSemantics
X64	X86Base	CompareScalarUnorderedEqual	HW_Category_SIMDScalar	HW_Flag_BaseTypeFromFirstArg|HW_Flag_Commutative|HW_Flag_NoRMWSemantics
X64	X86Base	CompareScalarUnorderedGreaterThan	HW_Category_SIMDScalar	HW_Flag_BaseTypeFromFirstArg|HW_Flag_NoRMWSemantics
X64	X86Base	CompareScalarUnorderedGreaterThanOrEqual	HW_Category_SIMDScalar	HW_Flag_BaseTypeFromFirstArg|HW_Flag_NoRMWSemantics
X64	X86Base	CompareScalarUnorderedLessThan	HW_Category_SIMDScalar	HW_Flag_BaseTypeFromFirstArg|HW_Flag_NoRMWSemantics
X64	X86Base	CompareScalarUnorderedLessThanOrEqual	HW_Category_SIMDScalar	HW_Flag_BaseTypeFromFirstArg|HW_Flag_NoRMWSemantics
X64	X86Base	CompareScalarUnorderedNotEqual	HW_Category_SIMDScalar	HW_Flag_BaseTypeFromFirstArg|HW_Flag_Commutative|HW_Flag_NoRMWSemantics|HW_Flag_SpecialCodeGen
X64	X86Base	CompareUnordered	HW_Category_SimpleSIMD	HW_Flag_NoEvexSemantics|HW_Flag_ReturnsPerElementMask|HW_Flag_SpecialImport
X64	X86Base	ConvertScalarToVector128Double	HW_Category_SIMDScalar	HW_Flag_BaseTypeFromSecondArg
X64	X86Base	ConvertScalarToVector128Int32	HW_Category_SIMDScalar	HW_Flag_NoRMWSemantics
X64	X86Base	ConvertScalarToVector128Single	HW_Category_SIMDScalar	HW_Flag_BaseTypeFromSecondArg|HW_Flag_CopyUpperBits
X64	X86Base	ConvertScalarToVector128UInt32	HW_Category_SIMDScalar	HW_Flag_NoRMWSemantics
X64	X86Base	ConvertToInt32	HW_Category_SIMDScalar	HW_Flag_BaseTypeFromFirstArg|HW_Flag_NoRMWSemantics|HW_Flag_SpecialCodeGen
X64	X86Base	ConvertToInt32WithTruncation	HW_Category_SIMDScalar	HW_Flag_BaseTypeFromFirstArg|HW_Flag_NoRMWSemantics|HW_Flag_SpecialCodeGen
X64	X86Base	ConvertToUInt32	HW_Category_SIMDScalar	HW_Flag_BaseTypeFromFirstArg|HW_Flag_NoRMWSemantics|HW_Flag_SpecialCodeGen
X64	X86Base	ConvertToVector128Double	HW_Category_SimpleSIMD	HW_Flag_BaseTypeFromFirstArg|HW_Flag_NoRMWSemantics
X64	X86Base	ConvertToVector128Int32	HW_Category_SimpleSIMD	HW_Flag_BaseTypeFromFirstArg|HW_Flag_NoRMWSemantics
X64	X86Base	ConvertToVector128Int32WithTruncation	HW_Category_SimpleSIMD	HW_Flag_BaseTypeFromFirstArg|HW_Flag_NoRMWSemantics
X64	X86Base	ConvertToVector128Single	HW_Category_SimpleSIMD	HW_Flag_BaseTypeFromFirstArg|HW_Flag_NoRMWSemantics
X64	X86Base	DivRem	HW_Category_Scalar	HW_Flag_BaseTypeFromSecondArg|HW_Flag_MultiReg|HW_Flag_NoFloatingPointUsed|HW_Flag_RmwIntrinsic|HW_Flag_SpecialCodeGen|HW_Flag_SpecialImport
X64	X86Base	Divide	HW_Category_SimpleSIMD	HW_Flag_NoFlag
X64	X86Base	DivideScalar	HW_Category_SIMDScalar	HW_Flag_CopyUpperBits
X64	X86Base	Extract	HW_Category_IMM	HW_Flag_BaseTypeFromFirstArg|HW_Flag_FullRangeIMM|HW_Flag_NoRMWSemantics
X64	X86Base	Insert	HW_Category_IMM	HW_Flag_CanBenefitFromConstantProp|HW_Flag_FullRangeIMM
X64	X86Base	LoadAlignedVector128	HW_Category_MemoryLoad	HW_Flag_NoRMWSemantics|HW_Flag_NormalizeSmallTypeToInt
X64	X86Base	LoadFence	HW_Category_Special	HW_Flag_NoContainment|HW_Flag_NoRMWSemantics|HW_Flag_SpecialSideEffect_Barrier
X64	X86Base	LoadHigh	HW_Category_MemoryLoad	HW_Flag_NoRMWSemantics
X64	X86Base	LoadLow	HW_Category_MemoryLoad	HW_Flag_NoRMWSemantics
X64	X86Base	LoadScalarVector128	HW_Category_MemoryLoad	HW_Flag_NoRMWSemantics
X64	X86Base	LoadVector128	HW_Category_Helper	HW_Flag_InvalidNodeId
X64	X86Base	MaskMove	HW_Category_MemoryStore	HW_Flag_BaseTypeFromSecondArg|HW_Flag_NoContainment|HW_Flag_NoRMWSemantics
X64	X86Base	Max	HW_Category_SimpleSIMD	HW_Flag_MaybeCommutative
X64	X86Base	MaxScalar	HW_Category_SIMDScalar	HW_Flag_CopyUpperBits
X64	X86Base	MemoryFence	HW_Category_Special	HW_Flag_NoContainment|HW_Flag_NoRMWSemantics|HW_Flag_SpecialSideEffect_Barrier
X64	X86Base	Min	HW_Category_SimpleSIMD	HW_Flag_MaybeCommutative
X64	X86Base	MinScalar	HW_Category_SIMDScalar	HW_Flag_CopyUpperBits
X64	X86Base	MoveHighToLow	HW_Category_SimpleSIMD	HW_Flag_NoContainment
X64	X86Base	MoveLowToHigh	HW_Category_SimpleSIMD	HW_Flag_NoContainment
X64	X86Base	MoveMask	HW_Category_SimpleSIMD	HW_Flag_BaseTypeFromFirstArg|HW_Flag_NoContainment|HW_Flag_NoEvexSemantics|HW_Flag_NoRMWSemantics
X64	X86Base	MoveScalar	HW_Category_SIMDScalar	HW_Flag_NoContainment
X64	X86Base	Multiply	HW_Category_SimpleSIMD	HW_Flag_Commutative
X64	X86Base	MultiplyAddAdjacent	HW_Category_SimpleSIMD	HW_Flag_Commutative
X64	X86Base	MultiplyHigh	HW_Category_SimpleSIMD	HW_Flag_Commutative
X64	X86Base	MultiplyLow	HW_Category_SimpleSIMD	HW_Flag_Commutative
X64	X86Base	MultiplyScalar	HW_Category_SIMDScalar	HW_Flag_CopyUpperBits
X64	X86Base	Or	HW_Category_SimpleSIMD	HW_Flag_Commutative|HW_Flag_NormalizeSmallTypeToInt
X64	X86Base	PackSignedSaturate	HW_Category_SimpleSIMD	HW_Flag_NoFlag
X64	X86Base	PackUnsignedSaturate	HW_Category_SimpleSIMD	HW_Flag_NoFlag
X64	X86Base	Pause	HW_Category_Special	HW_Flag_NoContainment|HW_Flag_NoRMWSemantics|HW_Flag_SpecialSideEffect_Other
X64	X86Base	Prefetch0	HW_Category_Special	HW_Flag_NoContainment|HW_Flag_NoRMWSemantics|HW_Flag_SpecialSideEffect_Other
X64	X86Base	Prefetch1	HW_Category_Special	HW_Flag_NoContainment|HW_Flag_NoRMWSemantics|HW_Flag_SpecialSideEffect_Other
X64	X86Base	Prefetch2	HW_Category_Special	HW_Flag_NoContainment|HW_Flag_NoRMWSemantics|HW_Flag_SpecialSideEffect_Other
X64	X86Base	PrefetchNonTemporal	HW_Category_Special	HW_Flag_NoContainment|HW_Flag_NoRMWSemantics|HW_Flag_SpecialSideEffect_Other
X64	X86Base	Reciprocal	HW_Category_SimpleSIMD	HW_Flag_NoEvexSemantics|HW_Flag_NoRMWSemantics
X64	X86Base	ReciprocalScalar	HW_Category_SIMDScalar	HW_Flag_CopyUpperBits|HW_Flag_NoEvexSemantics
X64	X86Base	ReciprocalSqrt	HW_Category_SimpleSIMD	HW_Flag_NoEvexSemantics|HW_Flag_NoRMWSemantics
X64	X86Base	ReciprocalSqrtScalar	HW_Category_SIMDScalar	HW_Flag_CopyUpperBits|HW_Flag_NoEvexSemantics
X64	X86Base	ShiftLeftLogical	HW_Category_IMM	HW_Flag_FullRangeIMM|HW_Flag_MaybeIMM|HW_Flag_NoJmpTableIMM
X64	X86Base	ShiftLeftLogical128BitLane	HW_Category_IMM	HW_Flag_FullRangeIMM|HW_Flag_NormalizeSmallTypeToInt
X64	X86Base	ShiftRightArithmetic	HW_Category_IMM	HW_Flag_FullRangeIMM|HW_Flag_MaybeIMM|HW_Flag_NoJmpTableIMM
X64	X86Base	ShiftRightLogical	HW_Category_IMM	HW_Flag_FullRangeIMM|HW_Flag_MaybeIMM|HW_Flag_NoJmpTableIMM
X64	X86Base	ShiftRightLogical128BitLane	HW_Category_IMM	HW_Flag_FullRangeIMM|HW_Flag_NormalizeSmallTypeToInt
X64	X86Base	Shuffle	HW_Category_IMM	HW_Flag_FullRangeIMM
X64	X86Base	ShuffleHigh	HW_Category_IMM	HW_Flag_FullRangeIMM
X64	X86Base	ShuffleLow	HW_Category_IMM	HW_Flag_FullRangeIMM
X64	X86Base	Sqrt	HW_Category_SimpleSIMD	HW_Flag_NoRMWSemantics
X64	X86Base	SqrtScalar	HW_Category_SIMDScalar	HW_Flag_CopyUpperBits
X64	X86Base	Store	HW_Category_Helper	HW_Flag_BaseTypeFromSecondArg|HW_Flag_InvalidNodeId
X64	X86Base	StoreAligned	HW_Category_MemoryStore	HW_Flag_BaseTypeFromSecondArg|HW_Flag_NoRMWSemantics|HW_Flag_NormalizeSmallTypeToInt
X64	X86Base	StoreAlignedNonTemporal	HW_Category_MemoryStore	HW_Flag_BaseTypeFromSecondArg|HW_Flag_NoRMWSemantics|HW_Flag_NormalizeSmallTypeToInt
X64	X86Base	StoreFence	HW_Category_Special	HW_Flag_NoContainment|HW_Flag_NoRMWSemantics|HW_Flag_SpecialSideEffect_Barrier
X64	X86Base	StoreHigh	HW_Category_MemoryStore	HW_Flag_BaseTypeFromSecondArg|HW_Flag_NoRMWSemantics
X64	X86Base	StoreLow	HW_Category_MemoryStore	HW_Flag_BaseTypeFromSecondArg|HW_Flag_NoRMWSemantics
X64	X86Base	StoreNonTemporal	HW_Category_MemoryStore	HW_Flag_BaseTypeFromSecondArg|HW_Flag_NoRMWSemantics|HW_Flag_SpecialCodeGen
X64	X86Base	StoreScalar	HW_Category_MemoryStore	HW_Flag_BaseTypeFromSecondArg|HW_Flag_NoRMWSemantics
X64	X86Base	Subtract	HW_Category_SimpleSIMD	HW_Flag_NoFlag
X64	X86Base	SubtractSaturate	HW_Category_SimpleSIMD	HW_Flag_NoFlag
X64	X86Base	SubtractScalar	HW_Category_SIMDScalar	HW_Flag_CopyUpperBits
X64	X86Base	SumAbsoluteDifferences	HW_Category_SimpleSIMD	HW_Flag_NoFlag
X64	X86Base	UCOMIS	HW_Category_SIMDScalar	HW_Flag_NoRMWSemantics
X64	X86Base	UnpackHigh	HW_Category_SimpleSIMD	HW_Flag_NoFlag
X64	X86Base	UnpackLow	HW_Category_SimpleSIMD	HW_Flag_NoFlag
X64	X86Base	Xor	HW_Category_SimpleSIMD	HW_Flag_CanBenefitFromConstantProp|HW_Flag_Commutative|HW_Flag_NormalizeSmallTypeToInt
X64	X86Base_X64	BitScanForward	HW_Category_Scalar	HW_Flag_NoFloatingPointUsed|HW_Flag_NoRMWSemantics
X64	X86Base_X64	BitScanReverse	HW_Category_Scalar	HW_Flag_NoFloatingPointUsed|HW_Flag_NoRMWSemantics
X64	X86Base_X64	ConvertScalarToVector128Double	HW_Category_SIMDScalar	HW_Flag_BaseTypeFromSecondArg|HW_Flag_SpecialCodeGen
X64	X86Base_X64	ConvertScalarToVector128Int64	HW_Category_SIMDScalar	HW_Flag_NoRMWSemantics|HW_Flag_SpecialCodeGen
X64	X86Base_X64	ConvertScalarToVector128Single	HW_Category_SIMDScalar	HW_Flag_BaseTypeFromSecondArg|HW_Flag_CopyUpperBits|HW_Flag_SpecialCodeGen
X64	X86Base_X64	ConvertScalarToVector128UInt64	HW_Category_SIMDScalar	HW_Flag_NoRMWSemantics|HW_Flag_SpecialCodeGen
X64	X86Base_X64	ConvertToInt64	HW_Category_SIMDScalar	HW_Flag_BaseTypeFromFirstArg|HW_Flag_NoRMWSemantics|HW_Flag_SpecialCodeGen
X64	X86Base_X64	ConvertToInt64WithTruncation	HW_Category_SIMDScalar	HW_Flag_BaseTypeFromFirstArg|HW_Flag_NoRMWSemantics|HW_Flag_SpecialCodeGen
X64	X86Base_X64	ConvertToUInt64	HW_Category_SIMDScalar	HW_Flag_BaseTypeFromFirstArg|HW_Flag_NoRMWSemantics|HW_Flag_SpecialCodeGen
X64	X86Base_X64	DivRem	HW_Category_Scalar	HW_Flag_BaseTypeFromSecondArg|HW_Flag_MultiReg|HW_Flag_NoFloatingPointUsed|HW_Flag_RmwIntrinsic|HW_Flag_SpecialCodeGen|HW_Flag_SpecialImport
X64	X86Base_X64	StoreNonTemporal	HW_Category_MemoryStore	HW_Flag_BaseTypeFromSecondArg|HW_Flag_NoRMWSemantics|HW_Flag_SpecialCodeGen
X64	X86Serialize	Serialize	HW_Category_Special	HW_Flag_NoContainment|HW_Flag_NoRMWSemantics|HW_Flag_SpecialSideEffect_Barrier
